entity,relationship,entity_target,subject_id,subject_type,object_id,object_type,evidence,source_document,source_section,confidence
Petrobras Transporte S.A. (TRANSPETRO),OPERATES,Terminal Aquaviário de Santos (Terminal Alemoa),organization:petrobras-transporte-s-a-transpetro,Organization,terminal:terminal-aquaviario-de-santos-terminal-alemoa,Terminal,"TRANSPETRO opera o Terminal Aquaviário de Santos (Terminal ALEMOA), na área do Porto de Santos.",Terminal Aquaviário de Santos — Terminal Information Booklet (TIB),INTRODUÇÃO,0.98
Terminal Aquaviário de Santos (Terminal Alemoa),LOCATED_IN,Porto de Santos,terminal:terminal-aquaviario-de-santos-terminal-alemoa,Terminal,port:porto-de-santos,Port,Terminal Aquaviário de Santos ... na área do Porto de Santos.,Terminal Aquaviário de Santos — Terminal Information Booklet (TIB),INTRODUÇÃO,0.98
Santos Port Authority (SPA),ADMINISTERS,Porto de Santos,authority:santos-port-authority-spa,Authority,port:porto-de-santos,Port,O porto de Santos ... é público e administrado pelo Santos Port Authority (SPA).,Terminal Aquaviário de Santos — Terminal Information Booklet (TIB),4.1. DESCRIÇÃO GERAL,0.98
Terminal Aquaviário de Santos (Terminal Alemoa),LOCATED_ON,Canal de Piaçaguera,terminal:terminal-aquaviario-de-santos-terminal-alemoa,Terminal,channel:canal-de-piacaguera,Channel,O Terminal Aquaviário de Santos está situado ... na margem direita do Canal de Piaçaguera.,Terminal Aquaviário de Santos — Terminal Information Booklet (TIB),4.3. Localização Geográfica Geral,0.98
Porto de Santos,HAS_CHANNEL,Canal de Piaçaguera,port:porto-de-santos,Port,channel:canal-de-piacaguera,Channel,O acesso ao porto de Santos e seus terminais é feito por um canal ... Trecho IV ... terminal da Alemoa.,Terminal Aquaviário de Santos — Terminal Information Booklet (TIB),4.4.2. Reconhecimento e demanda,0.95
Terminal Aquaviário de Santos (Terminal Alemoa),HAS_EMERGENCY_CENTER,Centro de Resposta a Emergências (CRE),terminal:terminal-aquaviario-de-santos-terminal-alemoa,Terminal,emergencycenter:centro-de-resposta-a-emergencias-cre,EmergencyCenter,O Terminal dispõe de um Centro de Resposta a Emergências (CRE).,Terminal Aquaviário de Santos — Terminal Information Booklet (TIB),1.3. EMERGÊNCIA NO NAVIO,0.98
Centro de Resposta a Emergências (CRE),LOCATED_AT,Proximidades dos píeres do Terminal de Santos,emergencycenter:centro-de-resposta-a-emergencias-cre,EmergencyCenter,location:proximidades-dos-pieres-do-terminal-de-santos,Location,O CRE ... está estrategicamente localizado nas proximidades dos píeres.,Terminal Aquaviário de Santos — Terminal Information Booklet (TIB),1.3. EMERGÊNCIA NO NAVIO,0.98
Centro de Resposta a Emergências (CRE),PROVIDES_EMERGENCY_RESPONSE,Poluições acidentais,emergencycenter:centro-de-resposta-a-emergencias-cre,EmergencyCenter,emergency:poluicoes-acidentais,Emergency,equipamentos e facilidades diversas para uso em poluições acidentais.,Terminal Aquaviário de Santos — Terminal Information Booklet (TIB),1.3. EMERGÊNCIA NO NAVIO,0.98
Centro de Resposta a Emergências (CRE),HAS_OPERATING_HOURS,24 horas por dia,emergencycenter:centro-de-resposta-a-emergencias-cre,EmergencyCenter,contact:24-horas-por-dia,Contact,está guarnecido 24 horas por dia ... podendo ser acionado a qualquer momento.,Terminal Aquaviário de Santos — Terminal Information Booklet (TIB),1.3. EMERGÊNCIA NO NAVIO,0.98
Centro de Resposta a Emergências (CRE),REQUIRES_EQUIPMENT,Embarcações de resposta,emergencycenter:centro-de-resposta-a-emergencias-cre,EmergencyCenter,equipment:embarcacoes-de-resposta,Equipment,O CRE possui embarcações de resposta.,Terminal Aquaviário de Santos — Terminal Information Booklet (TIB),1.3. EMERGÊNCIA NO NAVIO,0.95
Centro de Resposta a Emergências (CRE),REQUIRES_EQUIPMENT,Barreiras de contenção,emergencycenter:centro-de-resposta-a-emergencias-cre,EmergencyCenter,equipment:barreiras-de-contencao,Equipment,O CRE possui barreiras de contenção.,Terminal Aquaviário de Santos — Terminal Information Booklet (TIB),1.3. EMERGÊNCIA NO NAVIO,0.95
Centro de Resposta a Emergências (CRE),REQUIRES_EQUIPMENT,Rolos e mantas absorventes,emergencycenter:centro-de-resposta-a-emergencias-cre,EmergencyCenter,equipment:rolos-e-mantas-absorventes,Equipment,O CRE possui rolos e mantas absorventes.,Terminal Aquaviário de Santos — Terminal Information Booklet (TIB),1.3. EMERGÊNCIA NO NAVIO,0.95
Centro de Resposta a Emergências (CRE),REQUIRES_EQUIPMENT,Skimmers,emergencycenter:centro-de-resposta-a-emergencias-cre,EmergencyCenter,equipment:skimmers,Equipment,O CRE possui skimmers.,Terminal Aquaviário de Santos — Terminal Information Booklet (TIB),1.3. EMERGÊNCIA NO NAVIO,0.95
Centro de Resposta a Emergências (CRE),REQUIRES_EQUIPMENT,Bombas de sucção,emergencycenter:centro-de-resposta-a-emergencias-cre,EmergencyCenter,equipment:bombas-de-succao,Equipment,O CRE possui bombas de sucção.,Terminal Aquaviário de Santos — Terminal Information Booklet (TIB),1.3. EMERGÊNCIA NO NAVIO,0.95
Centro de Resposta a Emergências (CRE),REQUIRES_EQUIPMENT,Geradores,emergencycenter:centro-de-resposta-a-emergencias-cre,EmergencyCenter,equipment:geradores,Equipment,O CRE possui geradores.,Terminal Aquaviário de Santos — Terminal Information Booklet (TIB),1.3. EMERGÊNCIA NO NAVIO,0.95
Centro de Resposta a Emergências (CRE),REQUIRES_EQUIPMENT,Tanques portáteis,emergencycenter:centro-de-resposta-a-emergencias-cre,EmergencyCenter,equipment:tanques-portateis,Equipment,O CRE possui tanques portáteis.,Terminal Aquaviário de Santos — Terminal Information Booklet (TIB),1.3. EMERGÊNCIA NO NAVIO,0.95
Capitania dos Portos,IS_RESPONSIBLE_FOR,Colisão no Canal,authority:capitania-dos-portos,Authority,incidenttype:colisao-no-canal,IncidentType,Colisão no Canal: organização responsável: Capitania dos Portos.,Terminal Aquaviário de Santos — Terminal Information Booklet (TIB),1.3. DESCRIÇÃO GERAL DA ORGANIZAÇÃO DE COMBATE A EMERGÊNCIAS,0.99
Defesa Civil,IS_INVOLVED_IN,Colisão no Canal,organization:defesa-civil,Organization,incidenttype:colisao-no-canal,IncidentType,Colisão no Canal: Defesa Civil indicada entre as organizações envolvidas.,Terminal Aquaviário de Santos — Terminal Information Booklet (TIB),1.3. DESCRIÇÃO GERAL DA ORGANIZAÇÃO DE COMBATE A EMERGÊNCIAS,0.97
Petrobras Transporte S.A. (TRANSPETRO),IS_INVOLVED_IN,Colisão no Canal,organization:petrobras-transporte-s-a-transpetro,Organization,incidenttype:colisao-no-canal,IncidentType,Colisão no Canal: Petrobras Transporte S.A. (TRANSPETRO) indicada entre as organizações envolvidas.,Terminal Aquaviário de Santos — Terminal Information Booklet (TIB),1.3. DESCRIÇÃO GERAL DA ORGANIZAÇÃO DE COMBATE A EMERGÊNCIAS,0.97
CETESB,IS_INVOLVED_IN,Colisão no Canal,organization:cetesb,Organization,incidenttype:colisao-no-canal,IncidentType,Colisão no Canal: CETESB indicada entre as organizações envolvidas.,Terminal Aquaviário de Santos — Terminal Information Booklet (TIB),1.3. DESCRIÇÃO GERAL DA ORGANIZAÇÃO DE COMBATE A EMERGÊNCIAS,0.97
Capitania dos Portos,IS_RESPONSIBLE_FOR,Embarcação encalhando,authority:capitania-dos-portos,Authority,incidenttype:embarcacao-encalhando,IncidentType,Embarcação encalhando: organização responsável: Capitania dos Portos.,Terminal Aquaviário de Santos — Terminal Information Booklet (TIB),1.3. DESCRIÇÃO GERAL DA ORGANIZAÇÃO DE COMBATE A EMERGÊNCIAS,0.99
Defesa Civil,IS_INVOLVED_IN,Embarcação encalhando,organization:defesa-civil,Organization,incidenttype:embarcacao-encalhando,IncidentType,Embarcação encalhando: Defesa Civil indicada entre as organizações envolvidas.,Terminal Aquaviário de Santos — Terminal Information Booklet (TIB),1.3. DESCRIÇÃO GERAL DA ORGANIZAÇÃO DE COMBATE A EMERGÊNCIAS,0.97
Petrobras Transporte S.A. (TRANSPETRO),IS_INVOLVED_IN,Embarcação encalhando,organization:petrobras-transporte-s-a-transpetro,Organization,incidenttype:embarcacao-encalhando,IncidentType,Embarcação encalhando: Petrobras Transporte S.A. (TRANSPETRO) indicada entre as organizações envolvidas.,Terminal Aquaviário de Santos — Terminal Information Booklet (TIB),1.3. DESCRIÇÃO GERAL DA ORGANIZAÇÃO DE COMBATE A EMERGÊNCIAS,0.97
CETESB,IS_INVOLVED_IN,Embarcação encalhando,organization:cetesb,Organization,incidenttype:embarcacao-encalhando,IncidentType,Embarcação encalhando: CETESB indicada entre as organizações envolvidas.,Terminal Aquaviário de Santos — Terminal Information Booklet (TIB),1.3. DESCRIÇÃO GERAL DA ORGANIZAÇÃO DE COMBATE A EMERGÊNCIAS,0.97
IBAMA,IS_INVOLVED_IN,Embarcação encalhando,organization:ibama,Organization,incidenttype:embarcacao-encalhando,IncidentType,Embarcação encalhando: IBAMA indicada entre as organizações envolvidas.,Terminal Aquaviário de Santos — Terminal Information Booklet (TIB),1.3. DESCRIÇÃO GERAL DA ORGANIZAÇÃO DE COMBATE A EMERGÊNCIAS,0.97
Capitania dos Portos,IS_RESPONSIBLE_FOR,Colisão no Berço,authority:capitania-dos-portos,Authority,incidenttype:colisao-no-berco,IncidentType,Colisão no Berço: organização responsável: Capitania dos Portos.,Terminal Aquaviário de Santos — Terminal Information Booklet (TIB),1.3. DESCRIÇÃO GERAL DA ORGANIZAÇÃO DE COMBATE A EMERGÊNCIAS,0.99
Petrobras Transporte S.A. (TRANSPETRO),IS_INVOLVED_IN,Colisão no Berço,organization:petrobras-transporte-s-a-transpetro,Organization,incidenttype:colisao-no-berco,IncidentType,Colisão no Berço: Petrobras Transporte S.A. (TRANSPETRO) indicada entre as organizações envolvidas.,Terminal Aquaviário de Santos — Terminal Information Booklet (TIB),1.3. DESCRIÇÃO GERAL DA ORGANIZAÇÃO DE COMBATE A EMERGÊNCIAS,0.97
Defesa Civil,IS_INVOLVED_IN,Colisão no Berço,organization:defesa-civil,Organization,incidenttype:colisao-no-berco,IncidentType,Colisão no Berço: Defesa Civil indicada entre as organizações envolvidas.,Terminal Aquaviário de Santos — Terminal Information Booklet (TIB),1.3. DESCRIÇÃO GERAL DA ORGANIZAÇÃO DE COMBATE A EMERGÊNCIAS,0.97
Navio,IS_RESPONSIBLE_FOR,Incêndio na Embarcação,vessel:navio,Vessel,incidenttype:incendio-na-embarcacao,IncidentType,Incêndio na Embarcação: organização responsável: Navio.,Terminal Aquaviário de Santos — Terminal Information Booklet (TIB),1.3. DESCRIÇÃO GERAL DA ORGANIZAÇÃO DE COMBATE A EMERGÊNCIAS,0.99
Petrobras Transporte S.A. (TRANSPETRO),IS_INVOLVED_IN,Incêndio na Embarcação,organization:petrobras-transporte-s-a-transpetro,Organization,incidenttype:incendio-na-embarcacao,IncidentType,Incêndio na Embarcação: Petrobras Transporte S.A. (TRANSPETRO) indicada entre as organizações envolvidas.,Terminal Aquaviário de Santos — Terminal Information Booklet (TIB),1.3. DESCRIÇÃO GERAL DA ORGANIZAÇÃO DE COMBATE A EMERGÊNCIAS,0.97
Corpo de Bombeiros,IS_INVOLVED_IN,Incêndio na Embarcação,organization:corpo-de-bombeiros,Organization,incidenttype:incendio-na-embarcacao,IncidentType,Incêndio na Embarcação: Corpo de Bombeiros indicada entre as organizações envolvidas.,Terminal Aquaviário de Santos — Terminal Information Booklet (TIB),1.3. DESCRIÇÃO GERAL DA ORGANIZAÇÃO DE COMBATE A EMERGÊNCIAS,0.97
Defesa Civil,IS_INVOLVED_IN,Incêndio na Embarcação,organization:defesa-civil,Organization,incidenttype:incendio-na-embarcacao,IncidentType,Incêndio na Embarcação: Defesa Civil indicada entre as organizações envolvidas.,Terminal Aquaviário de Santos — Terminal Information Booklet (TIB),1.3. DESCRIÇÃO GERAL DA ORGANIZAÇÃO DE COMBATE A EMERGÊNCIAS,0.97
Capitania dos Portos,IS_INVOLVED_IN,Incêndio na Embarcação,authority:capitania-dos-portos,Authority,incidenttype:incendio-na-embarcacao,IncidentType,Incêndio na Embarcação: Capitania dos Portos indicada entre as organizações envolvidas.,Terminal Aquaviário de Santos — Terminal Information Booklet (TIB),1.3. DESCRIÇÃO GERAL DA ORGANIZAÇÃO DE COMBATE A EMERGÊNCIAS,0.97
Petrobras Transporte S.A. (TRANSPETRO),IS_RESPONSIBLE_FOR,Incêndio no Berço,organization:petrobras-transporte-s-a-transpetro,Organization,incidenttype:incendio-no-berco,IncidentType,Incêndio no Berço: organização responsável: Petrobras Transporte S.A. (TRANSPETRO).,Terminal Aquaviário de Santos — Terminal Information Booklet (TIB),1.3. DESCRIÇÃO GERAL DA ORGANIZAÇÃO DE COMBATE A EMERGÊNCIAS,0.99
Corpo de Bombeiros,IS_INVOLVED_IN,Incêndio no Berço,organization:corpo-de-bombeiros,Organization,incidenttype:incendio-no-berco,IncidentType,Incêndio no Berço: Corpo de Bombeiros indicada entre as organizações envolvidas.,Terminal Aquaviário de Santos — Terminal Information Booklet (TIB),1.3. DESCRIÇÃO GERAL DA ORGANIZAÇÃO DE COMBATE A EMERGÊNCIAS,0.97
Defesa Civil,IS_INVOLVED_IN,Incêndio no Berço,organization:defesa-civil,Organization,incidenttype:incendio-no-berco,IncidentType,Incêndio no Berço: Defesa Civil indicada entre as organizações envolvidas.,Terminal Aquaviário de Santos — Terminal Information Booklet (TIB),1.3. DESCRIÇÃO GERAL DA ORGANIZAÇÃO DE COMBATE A EMERGÊNCIAS,0.97
Capitania dos Portos,IS_INVOLVED_IN,Incêndio no Berço,authority:capitania-dos-portos,Authority,incidenttype:incendio-no-berco,IncidentType,Incêndio no Berço: Capitania dos Portos indicada entre as organizações envolvidas.,Terminal Aquaviário de Santos — Terminal Information Booklet (TIB),1.3. DESCRIÇÃO GERAL DA ORGANIZAÇÃO DE COMBATE A EMERGÊNCIAS,0.97
Petrobras Transporte S.A. (TRANSPETRO),IS_RESPONSIBLE_FOR,Poluição,organization:petrobras-transporte-s-a-transpetro,Organization,incidenttype:poluicao,IncidentType,Poluição: organização responsável: Petrobras Transporte S.A. (TRANSPETRO).,Terminal Aquaviário de Santos — Terminal Information Booklet (TIB),1.3. DESCRIÇÃO GERAL DA ORGANIZAÇÃO DE COMBATE A EMERGÊNCIAS,0.99
Capitania dos Portos,IS_INVOLVED_IN,Poluição,authority:capitania-dos-portos,Authority,incidenttype:poluicao,IncidentType,Poluição: Capitania dos Portos indicada entre as organizações envolvidas.,Terminal Aquaviário de Santos — Terminal Information Booklet (TIB),1.3. DESCRIÇÃO GERAL DA ORGANIZAÇÃO DE COMBATE A EMERGÊNCIAS,0.97
CETESB,IS_INVOLVED_IN,Poluição,organization:cetesb,Organization,incidenttype:poluicao,IncidentType,Poluição: CETESB indicada entre as organizações envolvidas.,Terminal Aquaviário de Santos — Terminal Information Booklet (TIB),1.3. DESCRIÇÃO GERAL DA ORGANIZAÇÃO DE COMBATE A EMERGÊNCIAS,0.97
IBAMA,IS_INVOLVED_IN,Poluição,organization:ibama,Organization,incidenttype:poluicao,IncidentType,Poluição: IBAMA indicada entre as organizações envolvidas.,Terminal Aquaviário de Santos — Terminal Information Booklet (TIB),1.3. DESCRIÇÃO GERAL DA ORGANIZAÇÃO DE COMBATE A EMERGÊNCIAS,0.97
Navio,IS_RESPONSIBLE_FOR,Poluição,vessel:navio,Vessel,incidenttype:poluicao,IncidentType,Poluição: organização responsável: TRANSPETRO ou Navio.,Terminal Aquaviário de Santos — Terminal Information Booklet (TIB),1.3. DESCRIÇÃO GERAL DA ORGANIZAÇÃO DE COMBATE A EMERGÊNCIAS,0.95
Terminal Aquaviário de Santos (Terminal Alemoa),HAS_EMERGENCY_PLAN,Plano de Resposta a Emergência (PRE),terminal:terminal-aquaviario-de-santos-terminal-alemoa,Terminal,emergencyplan:plano-de-resposta-a-emergencia-pre,EmergencyPlan,O PRE ... estabelece as ações a serem adotadas ... durante a ocorrência de emergências.,Terminal Aquaviário de Santos — Terminal Information Booklet (TIB),1.3. EMERGÊNCIA NO NAVIO,0.98
Plano de Resposta a Emergência (PRE),APPLIES_TO,Emergências no Terminal,emergencyplan:plano-de-resposta-a-emergencia-pre,EmergencyPlan,emergency:emergencias-no-terminal,Emergency,estabelecer as ações a serem adotadas ... durante a ocorrência de emergências.,Terminal Aquaviário de Santos — Terminal Information Booklet (TIB),1.3. EMERGÊNCIA NO NAVIO,0.98
Terminal Aquaviário de Santos (Terminal Alemoa),HAS_EMERGENCY_PLAN,Plano de Contingência Local (PCL),terminal:terminal-aquaviario-de-santos-terminal-alemoa,Terminal,emergencyplan:plano-de-contingencia-local-pcl,EmergencyPlan,Os procedimentos estão relacionados no Plano de Contingência Local - PCL.,Terminal Aquaviário de Santos — Terminal Information Booklet (TIB),1.5. Capacidade de Combate do Terminal,0.98
Plano de Contingência Local (PCL),RESPONDS_TO,Derrame de óleo,emergencyplan:plano-de-contingencia-local-pcl,EmergencyPlan,incidenttype:derrame-de-oleo,IncidentType,PCL ... ações e os responsáveis para cada tipo de evento previsto.,Terminal Aquaviário de Santos — Terminal Information Booklet (TIB),1.5. Combate a um Incidente de Grande Porte,0.94
Porto de Santos,HAS_EMERGENCY_PLAN,Plano de Auxílio Mútuo (PAM),port:porto-de-santos,Port,emergencyplan:plano-de-auxilio-mutuo-pam,EmergencyPlan,O Porto de Santos dispõe de um Plano de Auxílio Mútuo - PAM.,Terminal Aquaviário de Santos — Terminal Information Booklet (TIB),1.4. Planos de Auxílio Mútuo,0.98
Santos Port Authority (SPA),HAS_RESPONSIBILITY_FOR,Plano de Auxílio Mútuo (PAM),authority:santos-port-authority-spa,Authority,emergencyplan:plano-de-auxilio-mutuo-pam,EmergencyPlan,compete a Autoridade Portuária (APS) sua manutenção integrando todo o porto.,Terminal Aquaviário de Santos — Terminal Information Booklet (TIB),1.4. Planos de Auxílio Mútuo,0.98
Santos Port Authority (SPA),PROVIDES_EMERGENCY_RESPONSE,Emergências no Porto de Santos,authority:santos-port-authority-spa,Authority,emergency:emergencias-no-porto-de-santos,Emergency,A APS ... será sempre acionada e dispõe de recursos para intervir em qualquer situação de combate a uma emergência.,Terminal Aquaviário de Santos — Terminal Information Booklet (TIB),1.4. ADMINISTRADOR PORTUÁRIO,0.98
Capitania dos Portos do Estado de São Paulo,PROVIDES_EMERGENCY_RESPONSE,Emergências no Porto de Santos,authority:capitania-dos-portos-do-estado-de-sao-paulo,Authority,emergency:emergencias-no-porto-de-santos,Emergency,é a autoridade marítima no Porto de Santos e deve ser acionada nas ocorrências de emergências.,Terminal Aquaviário de Santos — Terminal Information Booklet (TIB),1.4. Autoridade Marítima,0.98
CETESB,REGULATES,Atividades geradoras de poluição,organization:cetesb,Organization,operation:atividades-geradoras-de-poluicao,Operation,"é a agência responsável pelo controle, fiscalização, monitoramento e licenciamento de atividades geradoras de poluição.",Terminal Aquaviário de Santos — Terminal Information Booklet (TIB),1.5. Capacidade de Combate do Órgão de Meio Ambiente,0.98
Navios atracados,REQUIRES_EQUIPMENT,Equipamentos de emergência e combate a incêndio prontos para uso,vessel:navios-atracados,Vessel,equipment:equipamentos-de-emergencia-e-combate-a-incendio-prontos-para-uso,Equipment,Os Navios enquanto permanecerem atracados deverão manter os equipamentos de emergência e de combate a incêndio prontos para uso.,Terminal Aquaviário de Santos — Terminal Information Booklet (TIB),1.3. EMERGÊNCIA NO NAVIO,0.98
Navios atracados,REQUIRES_EQUIPMENT,Kit de combate à poluição,vessel:navios-atracados,Vessel,equipment:kit-de-combate-a-poluicao,Equipment,Deve ser mantido pronto para uso um kit de combate a poluição ... para ser utilizado em caso de derrame de óleo.,Terminal Aquaviário de Santos — Terminal Information Booklet (TIB),1.3. EMERGÊNCIA NO NAVIO,0.98
Píer P1A,HAS_CONTAINMENT_BARRIER,Barreira fixa de contenção P1A,pier:pier-p1a,Pier,equipment:barreira-fixa-de-contencao-p1a,Equipment,Os píeres P1A e o P2A são dotados de barreiras fixas de contenção.,Terminal Aquaviário de Santos — Terminal Information Booklet (TIB),1.3. EMERGÊNCIA NO NAVIO,0.98
Píer P2A,HAS_CONTAINMENT_BARRIER,Barreira fixa de contenção P2A,pier:pier-p2a,Pier,equipment:barreira-fixa-de-contencao-p2a,Equipment,Os píeres P1A e o P2A são dotados de barreiras fixas de contenção.,Terminal Aquaviário de Santos — Terminal Information Booklet (TIB),1.3. EMERGÊNCIA NO NAVIO,0.98
Barreira fixa de contenção P1A,AVAILABLE_FOR,Navios em operação no P1A,equipment:barreira-fixa-de-contencao-p1a,Equipment,vessel:navios-em-operacao-no-p1a,Vessel,"serão utilizadas cercando os Navios em operação, dependendo do produto a ser movimentado.",Terminal Aquaviário de Santos — Terminal Information Booklet (TIB),1.3. EMERGÊNCIA NO NAVIO,0.98
Barreira fixa de contenção P2A,AVAILABLE_FOR,Navios em operação no P2A,equipment:barreira-fixa-de-contencao-p2a,Equipment,vessel:navios-em-operacao-no-p2a,Vessel,"serão utilizadas cercando os Navios em operação, dependendo do produto a ser movimentado.",Terminal Aquaviário de Santos — Terminal Information Booklet (TIB),1.3. EMERGÊNCIA NO NAVIO,0.98
Comandante do navio,REQUIRES_NOTIFICATION,Inspetor de Segurança do Terminal,contact:comandante-do-navio,Contact,contact:inspetor-de-seguranca-do-terminal,Contact,"Em caso de colisão ou danos aos berços, os comandantes deverão informar ao Inspetor de Segurança.",Terminal Aquaviário de Santos — Terminal Information Booklet (TIB),1.9. COLISÃO / DANOS AO BERÇO,0.98
Comandante do navio,REQUIRES_NOTIFICATION,Marinha do Brasil,contact:comandante-do-navio,Contact,authority:marinha-do-brasil,Authority,"Em caso de colisão ou danos aos berços, os comandantes deverão informar ... Marinha do Brasil.",Terminal Aquaviário de Santos — Terminal Information Booklet (TIB),1.9. COLISÃO / DANOS AO BERÇO,0.98
Comandante do navio,REQUIRES_NOTIFICATION,Agência protetora do navio,contact:comandante-do-navio,Contact,organization:agencia-protetora-do-navio,Organization,"Em caso de colisão ou danos aos berços, os comandantes deverão informar ... agência protetora.",Terminal Aquaviário de Santos — Terminal Information Booklet (TIB),1.9. COLISÃO / DANOS AO BERÇO,0.98
Homem ao Mar,REQUIRES_NOTIFICATION,Canal 16 VHF,incidenttype:homem-ao-mar,IncidentType,contact:canal-16-vhf,Contact,Os comandantes deverão IMEDIATAMENTE alertar a emergência de Homem ao Mar no canal 16 VHF.,Terminal Aquaviário de Santos — Terminal Information Booklet (TIB),1.11. HOMEM AO MAR,0.98
Homem ao Mar,REQUIRES_NOTIFICATION,Marinha do Brasil,incidenttype:homem-ao-mar,IncidentType,authority:marinha-do-brasil,Authority,"informar a Marinha do Brasil, ao Inspetor de Segurança do Terminal e à agência protetora.",Terminal Aquaviário de Santos — Terminal Information Booklet (TIB),1.11. HOMEM AO MAR,0.98
Homem ao Mar,REQUIRES_NOTIFICATION,Inspetor de Segurança do Terminal,incidenttype:homem-ao-mar,IncidentType,contact:inspetor-de-seguranca-do-terminal,Contact,informar ... ao Inspetor de Segurança do Terminal.,Terminal Aquaviário de Santos — Terminal Information Booklet (TIB),1.11. HOMEM AO MAR,0.98
Afastamento de navio atracado,REQUIRES_NOTIFICATION,Inspetor de Segurança do Terminal,incidenttype:afastamento-de-navio-atracado,IncidentType,contact:inspetor-de-seguranca-do-terminal,Contact,"O pessoal de bordo deverá alertar, o mais rapidamente possível, ao inspetor de segurança do terminal.",Terminal Aquaviário de Santos — Terminal Information Booklet (TIB),1.12. AFASTAMENTO DE NAVIO ATRACADO,0.98
Terminal Aquaviário de Santos (Terminal Alemoa),PROVIDES_TUG_ASSISTANCE,Afastamento de navio atracado,terminal:terminal-aquaviario-de-santos-terminal-alemoa,Terminal,incidenttype:afastamento-de-navio-atracado,IncidentType,O Terminal dispõe de rebocadores para auxiliar na mitigação e correção do afastamento.,Terminal Aquaviário de Santos — Terminal Information Booklet (TIB),1.12. AFASTAMENTO DE NAVIO ATRACADO,0.98
Uso de EPI em áreas externas,APPLIES_TO,Tripulantes em áreas externas às superestruturas,safetyrule:uso-de-epi-em-areas-externas,SafetyRule,vessel:tripulantes-em-areas-externas-as-superestruturas,Vessel,Tripulantes em áreas externas às superestruturas deverão permanecer portando seus EPIs.,Terminal Aquaviário de Santos — Terminal Information Booklet (TIB),2.1. EQUIPAMENTOS DE PROTEÇÃO INDIVIDUAL (EPI's),0.98
Dispensa de EPI em trânsito pela portaria,APPLIES_TO,Tripulantes em trânsito pela portaria,permission:dispensa-de-epi-em-transito-pela-portaria,Permission,vessel:tripulantes-em-transito-pela-portaria,Vessel,"Tripulantes em trânsito ""indo para"" ou ""vindos da"" portaria do Terminal, estarão dispensados do uso de EPIs.",Terminal Aquaviário de Santos — Terminal Information Booklet (TIB),2.1. EQUIPAMENTOS DE PROTEÇÃO INDIVIDUAL (EPI's),0.98
Proibição de álcool e outras drogas,APPLIES_TO,Terminal Aquaviário de Santos (Terminal Alemoa),prohibition:proibicao-de-alcool-e-outras-drogas,Prohibition,terminal:terminal-aquaviario-de-santos-terminal-alemoa,Terminal,o uso de álcool ou outras drogas ... sendo o uso proibido no terminal.,Terminal Aquaviário de Santos — Terminal Information Booklet (TIB),2.4. ÁLCOOL E OUTRAS DROGAS,0.98
Proibição de fumar no terminal,APPLIES_TO,Terminal Aquaviário de Santos (Terminal Alemoa),prohibition:proibicao-de-fumar-no-terminal,Prohibition,terminal:terminal-aquaviario-de-santos-terminal-alemoa,Terminal,não é permitido fumar dentro dos limites das instalações do terminal.,Terminal Aquaviário de Santos — Terminal Information Booklet (TIB),2.5. FUMO,0.98
Equipamentos portáteis intrinsecamente seguros,APPLIES_TO,Equipamentos elétricos portáteis,safetyrule:equipamentos-portateis-intrinsecamente-seguros,SafetyRule,equipment:equipamentos-eletricos-portateis,Equipment,deverão ser do tipo intrinsecamente seguros e à prova de explosão.,Terminal Aquaviário de Santos — Terminal Information Booklet (TIB),2.6. EQUIPAMENTOS ELETRÔNICOS PORTÁTEIS E LUZES DESPROTEGIDAS,0.98
Proibição de fotos sem autorização,APPLIES_TO,Instalações do Terminal,prohibition:proibicao-de-fotos-sem-autorizacao,Prohibition,location:instalacoes-do-terminal,Location,É proibida a tomada de fotos ... dentro das instalações do Terminal sem prévia autorização da gerência do Terminal.,Terminal Aquaviário de Santos — Terminal Information Booklet (TIB),2.6. EQUIPAMENTOS ELETRÔNICOS PORTÁTEIS E LUZES DESPROTEGIDAS,0.98
Restrição de manutenção com risco de ignição,APPLIES_TO,Navio atracado,restriction:restricao-de-manutencao-com-risco-de-ignicao,Restriction,vessel:navio-atracado,Vessel,Não poderão ser efetuados reparos ... que envolvam ... risco de centelhas ou outros meios de ignição ... enquanto o Navio estiver atracado.,Terminal Aquaviário de Santos — Terminal Information Booklet (TIB),2.7. MANUTENÇÃO A BORDO ENQUANTO ATRACADO,0.98
Movimentação de materiais acordada com o terminal,APPLIES_TO,Movimentação de materiais,operationalrule:movimentacao-de-materiais-acordada-com-o-terminal,OperationalRule,operation:movimentacao-de-materiais,Operation,A movimentação de materiais deverá ser acordada junto ao terminal.,Terminal Aquaviário de Santos — Terminal Information Booklet (TIB),2.8. MOVIMENTAÇÃO DE MATERIAS,0.98
FDS obrigatória para químicos perigosos,APPLIES_TO,Produtos químicos perigosos,requirement:fds-obrigatoria-para-quimicos-perigosos,Requirement,chemicalproduct:produtos-quimicos-perigosos,ChemicalProduct,"Para a estocagem, transporte ou utilização de produtos químicos classificados como perigosos ... a FDS é obrigatória.",Terminal Aquaviário de Santos — Terminal Information Booklet (TIB),2.9. FICHA DE DADOS DE SEGURANÇA (FDS),0.98
Recomendação de detectores de Benzeno e H2S,APPLIES_TO,Tripulantes fora da superestrutura do navio,recommendation:recomendacao-de-detectores-de-benzeno-e-h2s,Recommendation,vessel:tripulantes-fora-da-superestrutura-do-navio,Vessel,A Transpetro incentiva ... usarem detectores de Benzeno e H2S quando estiverem fora da superestrutura.,Terminal Aquaviário de Santos — Terminal Information Booklet (TIB),2.10. BENZENO E H2S,0.98
Precauções contra eletricidade estática,APPLIES_TO,Operações de carga e descarga,safetyrule:precaucoes-contra-eletricidade-estatica,SafetyRule,operation:operacoes-de-carga-e-descarga,Operation,Deve-se atentar às precauções para prevenção dos riscos de ignição por centelha de eletricidade estática.,Terminal Aquaviário de Santos — Terminal Information Booklet (TIB),2.11. ELETRICIDADE ESTÁTICA,0.98
Comunicação navio-terminal em português ou inglês,APPLIES_TO,Comunicação navio-terminal,operationalrule:comunicacao-navio-terminal-em-portugues-ou-ingles,OperationalRule,operation:comunicacao-navio-terminal,Operation,A comunicação do navio/terminal deverá ser feita em português ou Inglês.,Terminal Aquaviário de Santos — Terminal Information Booklet (TIB),3.6. IDIOMAS DE COMUNICAÇÃO,0.98
Comunicação navio-terminal,COMMUNICATES_IN,Português,operation:comunicacao-navio-terminal,Operation,contact:portugues,Contact,A comunicação do navio/terminal deverá ser feita em português ou Inglês.,Terminal Aquaviário de Santos — Terminal Information Booklet (TIB),3.6. IDIOMAS DE COMUNICAÇÃO,0.98
Comunicação navio-terminal,COMMUNICATES_IN,Inglês,operation:comunicacao-navio-terminal,Operation,contact:ingles,Contact,A comunicação do navio/terminal deverá ser feita em português ou Inglês.,Terminal Aquaviário de Santos — Terminal Information Booklet (TIB),3.6. IDIOMAS DE COMUNICAÇÃO,0.98
Porto de Santos,HAS_ANCHORAGE,Fundeadouro 1,port:porto-de-santos,Port,anchorage:fundeadouro-1,Anchorage,Fundeadouro Nr.1 - Destinado a navios de guerra.,Terminal Aquaviário de Santos — Terminal Information Booklet (TIB),4.4. Fundeadouros,0.99
Fundeadouro 1,AVAILABLE_FOR,navios de guerra,anchorage:fundeadouro-1,Anchorage,warship:navios-de-guerra,Warship,Fundeadouro Nr.1 - Destinado a navios de guerra.,Terminal Aquaviário de Santos — Terminal Information Booklet (TIB),4.4. Fundeadouros,0.95
Porto de Santos,HAS_ANCHORAGE,Fundeadouro 2,port:porto-de-santos,Port,anchorage:fundeadouro-2,Anchorage,"Fundeadouro Nr.2 - Destinado a navios que necessitam efetuar inspeção sanitária ou desembaraço, permanência não superior a 3 horas.",Terminal Aquaviário de Santos — Terminal Information Booklet (TIB),4.4. Fundeadouros,0.99
Fundeadouro 2,AVAILABLE_FOR,"navios que necessitam efetuar inspeção sanitária ou desembaraço, permanência não superior a 3 horas",anchorage:fundeadouro-2,Anchorage,vessel:navios-que-necessitam-efetuar-inspecao-sanitaria-ou-desembaraco-permanencia-nao-superior-a-3-horas,Vessel,"Fundeadouro Nr.2 - Destinado a navios que necessitam efetuar inspeção sanitária ou desembaraço, permanência não superior a 3 horas.",Terminal Aquaviário de Santos — Terminal Information Booklet (TIB),4.4. Fundeadouros,0.95
Porto de Santos,HAS_ANCHORAGE,Fundeadouro 3,port:porto-de-santos,Port,anchorage:fundeadouro-3,Anchorage,Fundeadouro Nr.3 - Destinado a navios com programação definida de atracação para as próximas 24 horas.,Terminal Aquaviário de Santos — Terminal Information Booklet (TIB),4.4. Fundeadouros,0.99
Fundeadouro 3,AVAILABLE_FOR,navios com programação definida de atracação para as próximas 24 horas,anchorage:fundeadouro-3,Anchorage,vessel:navios-com-programacao-definida-de-atracacao-para-as-proximas-24-horas,Vessel,Fundeadouro Nr.3 - Destinado a navios com programação definida de atracação para as próximas 24 horas.,Terminal Aquaviário de Santos — Terminal Information Booklet (TIB),4.4. Fundeadouros,0.95
Porto de Santos,HAS_ANCHORAGE,Fundeadouro 4,port:porto-de-santos,Port,anchorage:fundeadouro-4,Anchorage,"Fundeadouro Nr.4 - Destinado a navios com programação de atracação, porém sem definição de dia e hora.",Terminal Aquaviário de Santos — Terminal Information Booklet (TIB),4.4. Fundeadouros,0.99
Fundeadouro 4,AVAILABLE_FOR,"navios com programação de atracação, porém sem definição de dia e hora",anchorage:fundeadouro-4,Anchorage,vessel:navios-com-programacao-de-atracacao-porem-sem-definicao-de-dia-e-hora,Vessel,"Fundeadouro Nr.4 - Destinado a navios com programação de atracação, porém sem definição de dia e hora.",Terminal Aquaviário de Santos — Terminal Information Booklet (TIB),4.4. Fundeadouros,0.95
Porto de Santos,HAS_ANCHORAGE,Fundeadouro 5,port:porto-de-santos,Port,anchorage:fundeadouro-5,Anchorage,Fundeadouro Nr.5 - Destinado a navios ainda sem programação de atracação.,Terminal Aquaviário de Santos — Terminal Information Booklet (TIB),4.4. Fundeadouros,0.99
Fundeadouro 5,AVAILABLE_FOR,navios ainda sem programação de atracação,anchorage:fundeadouro-5,Anchorage,vessel:navios-ainda-sem-programacao-de-atracacao,Vessel,Fundeadouro Nr.5 - Destinado a navios ainda sem programação de atracação.,Terminal Aquaviário de Santos — Terminal Information Booklet (TIB),4.4. Fundeadouros,0.95
Porto de Santos,HAS_ANCHORAGE,Fundeadouro 6,port:porto-de-santos,Port,anchorage:fundeadouro-6,Anchorage,Fundeadouro Nr.6 - Destinado a navios de quarentena e embarcações com suspeita de avaria no embalado e/ou vazamento de material radioativo.,Terminal Aquaviário de Santos — Terminal Information Booklet (TIB),4.4. Fundeadouros,0.99
Fundeadouro 6,AVAILABLE_FOR,navios de quarentena e embarcações com suspeita de avaria no embalado e/ou vazamento de material radioativo,anchorage:fundeadouro-6,Anchorage,vessel:navios-de-quarentena-e-embarcacoes-com-suspeita-de-avaria-no-embalado-e-ou-vazamento-de-material-radioativo,Vessel,Fundeadouro Nr.6 - Destinado a navios de quarentena e embarcações com suspeita de avaria no embalado e/ou vazamento de material radioativo.,Terminal Aquaviário de Santos — Terminal Information Booklet (TIB),4.4. Fundeadouros,0.95
Porto de Santos,HAS_ANCHORAGE,Fundeadouro 7,port:porto-de-santos,Port,anchorage:fundeadouro-7,Anchorage,"Fundeadouro Nr.7 - Destinado a navios com calado máximo de 9 metros, somente no período diurno, para fundeio provisório em emergência.",Terminal Aquaviário de Santos — Terminal Information Booklet (TIB),4.4. Fundeadouros,0.99
Fundeadouro 7,AVAILABLE_FOR,"navios com calado máximo de 9 metros, somente no período diurno, para fundeio provisório em emergência",anchorage:fundeadouro-7,Anchorage,vessel:navios-com-calado-maximo-de-9-metros-somente-no-periodo-diurno-para-fundeio-provisorio-em-emergencia,Vessel,"Fundeadouro Nr.7 - Destinado a navios com calado máximo de 9 metros, somente no período diurno, para fundeio provisório em emergência.",Terminal Aquaviário de Santos — Terminal Information Booklet (TIB),4.4. Fundeadouros,0.95
Porto de Santos,HAS_ANCHORAGE,Fundeadouro 8,port:porto-de-santos,Port,anchorage:fundeadouro-8,Anchorage,Fundeadouro Nr.8 - Destinado a embarcações miúdas e de recreio.,Terminal Aquaviário de Santos — Terminal Information Booklet (TIB),4.4. Fundeadouros,0.99
Fundeadouro 8,AVAILABLE_FOR,embarcações miúdas e de recreio,anchorage:fundeadouro-8,Anchorage,recreationalvessel:embarcacoes-miudas-e-de-recreio,RecreationalVessel,Fundeadouro Nr.8 - Destinado a embarcações miúdas e de recreio.,Terminal Aquaviário de Santos — Terminal Information Booklet (TIB),4.4. Fundeadouros,0.95
Fundeadouro 2,HAS_MAXIMUM,Permanência máxima de 3 horas,anchorage:fundeadouro-2,Anchorage,condition:permanencia-maxima-de-3-horas,Condition,com permanência não superior a 3 horas.,Terminal Aquaviário de Santos — Terminal Information Booklet (TIB),4.4.5. Fundeadouros Externos,0.98
Fundeadouro 7,HAS_MAXIMUM,Calado máximo de 9 metros,anchorage:fundeadouro-7,Anchorage,condition:calado-maximo-de-9-metros,Condition,Destinado a navios com calado máximo de 9 metros.,Terminal Aquaviário de Santos — Terminal Information Booklet (TIB),4.4.6. Fundeadouro Interno,0.98
Fundeadouro 7,VALID_DURING,Período diurno,anchorage:fundeadouro-7,Anchorage,condition:periodo-diurno,Condition,somente no período diurno.,Terminal Aquaviário de Santos — Terminal Information Booklet (TIB),4.4.6. Fundeadouro Interno,0.98
Fundeadouro 7,AVAILABLE_FOR,Situação de emergência,anchorage:fundeadouro-7,Anchorage,emergency:situacao-de-emergencia,Emergency,"para fundeio provisório, em situação de emergência.",Terminal Aquaviário de Santos — Terminal Information Booklet (TIB),4.4.6. Fundeadouro Interno,0.98
Navios ao chegar ou movimentar-se no Porto de Santos,MUST_CONTACT,Centro de Controle do Serviço de Praticagem,vessel:navios-ao-chegar-ou-movimentar-se-no-porto-de-santos,Vessel,controlcenter:centro-de-controle-do-servico-de-praticagem,ControlCenter,"deverão contatar o Centro de Controle do Serviço de Praticagem, via VHF, canais 11 e 16.",Terminal Aquaviário de Santos — Terminal Information Booklet (TIB),4.4.5. Observações,0.98
Centro de Controle do Serviço de Praticagem,USES_VHF_CHANNEL,Canal 11 VHF,controlcenter:centro-de-controle-do-servico-de-praticagem,ControlCenter,contact:canal-11-vhf,Contact,"via VHF, canais 11 e 16.",Terminal Aquaviário de Santos — Terminal Information Booklet (TIB),4.4.5. Observações,0.98
Centro de Controle do Serviço de Praticagem,USES_VHF_CHANNEL,Canal 16 VHF,controlcenter:centro-de-controle-do-servico-de-praticagem,ControlCenter,contact:canal-16-vhf,Contact,"via VHF, canais 11 e 16.",Terminal Aquaviário de Santos — Terminal Information Booklet (TIB),4.4.5. Observações,0.98
Proibição de fundeio fora das áreas demarcadas,APPLIES_TO,Navios,prohibition:proibicao-de-fundeio-fora-das-areas-demarcadas,Prohibition,vessel:navios,Vessel,É proibido o fundeio de navios fora das áreas demarcadas na carta sem a prévia autorização.,Terminal Aquaviário de Santos — Terminal Information Booklet (TIB),4.4.7. Fundeio proibido,0.98
Proibição de fundeio fora das áreas demarcadas,HAS_EXCEPTION,Autorização da Autoridade Portuária e Capitania dos Portos,prohibition:proibicao-de-fundeio-fora-das-areas-demarcadas,Prohibition,permission:autorizacao-da-autoridade-portuaria-e-capitania-dos-portos,Permission,sem a prévia autorização da Autoridade Portuária e da Capitania dos Portos.,Terminal Aquaviário de Santos — Terminal Information Booklet (TIB),4.4.7. Fundeio proibido,0.98
Proibição de fundeio em áreas de cabos e canalizações submarinas,APPLIES_TO,Embarcações,prohibition:proibicao-de-fundeio-em-areas-de-cabos-e-canalizacoes-submarinas,Prohibition,vessel:embarcacoes,Vessel,"É proibido o fundeio de qualquer embarcação, nas áreas de cabos e canalizações submarinas delimitadas na carta.",Terminal Aquaviário de Santos — Terminal Information Booklet (TIB),4.4.7. Fundeio proibido,0.98
Regra de comunicação com PWS-88,APPLIES_TO,Embarcações com arqueação bruta igual ou superior a 20 toneladas,navigationrule:regra-de-comunicacao-com-pws-88,NavigationRule,vessel:embarcacoes-com-arqueacao-bruta-igual-ou-superior-a-20-toneladas,Vessel,Todas as embarcações de arqueação bruta igual ou superior a 20 toneladas ... devem obrigatoriamente fornecer seus dados de identificação à estação de rádio PWS-88.,Terminal Aquaviário de Santos — Terminal Information Booklet (TIB),4.4.10. Controle Portuário,0.98
Regra de comunicação com PWS-88,HAS_EXCEPTION,"Embarcações de pesca, esporte, recreio e interior de porto",navigationrule:regra-de-comunicacao-com-pws-88,NavigationRule,vessel:embarcacoes-de-pesca-esporte-recreio-e-interior-de-porto,Vessel,"exceto as de pesca, esporte, recreio e interior de porto.",Terminal Aquaviário de Santos — Terminal Information Booklet (TIB),4.4.10. Controle Portuário,0.98
Embarcações com arqueação bruta igual ou superior a 20 toneladas,REPORTS_TO,Estação de rádio PWS-88,vessel:embarcacoes-com-arqueacao-bruta-igual-ou-superior-a-20-toneladas,Vessel,controlcenter:estacao-de-radio-pws-88,ControlCenter,devem obrigatoriamente fornecer seus dados de identificação à estação de rádio PWS-88.,Terminal Aquaviário de Santos — Terminal Information Booklet (TIB),4.4.10. Controle Portuário,0.98
Limite de velocidade no Canal do Porto de Santos,APPLIES_TO,Canal do Porto de Santos,navigationrule:limite-de-velocidade-no-canal-do-porto-de-santos,NavigationRule,channel:canal-do-porto-de-santos,Channel,A velocidade máxima permitida para navios no canal do Porto de Santos ... é de 9 nós.,Terminal Aquaviário de Santos — Terminal Information Booklet (TIB),4.4.11. Limites de Velocidade,0.98
Limite de velocidade no Canal do Porto de Santos,HAS_MAXIMUM,9 nós,navigationrule:limite-de-velocidade-no-canal-do-porto-de-santos,NavigationRule,condition:9-nos,Condition,velocidade máxima permitida ... é de 9 nós.,Terminal Aquaviário de Santos — Terminal Information Booklet (TIB),4.4.11. Limites de Velocidade,0.98
Limite de velocidade no Canal de Piaçaguera,APPLIES_TO,Canal de Piaçaguera,navigationrule:limite-de-velocidade-no-canal-de-piacaguera,NavigationRule,channel:canal-de-piacaguera,Channel,Deverá ser observado o limite de 6 nós ... no Canal de Piaçaguera.,Terminal Aquaviário de Santos — Terminal Information Booklet (TIB),4.4.11. Limites de Velocidade,0.98
Limite de velocidade no Canal de Piaçaguera,HAS_MAXIMUM,6 nós,navigationrule:limite-de-velocidade-no-canal-de-piacaguera,NavigationRule,condition:6-nos,Condition,limite de 6 nós ... no Canal de Piaçaguera.,Terminal Aquaviário de Santos — Terminal Information Booklet (TIB),4.4.11. Limites de Velocidade,0.98
Limite de velocidade próximo a marinas e terminais de pesca,HAS_MAXIMUM,5 nós,navigationrule:limite-de-velocidade-proximo-a-marinas-e-terminais-de-pesca,NavigationRule,condition:5-nos,Condition,Deverá ser observado o limite de 5 nós nas proximidades de atracadouros ... marinas e terminais de pesca.,Terminal Aquaviário de Santos — Terminal Information Booklet (TIB),4.4.11. Limites de Velocidade,0.98
Exceção aos limites de velocidade em serviço,APPLIES_TO,Embarcações de emergência e fiscalização em serviço,permission:excecao-aos-limites-de-velocidade-em-servico,Permission,vessel:embarcacoes-de-emergencia-e-fiscalizacao-em-servico,Vessel,"Quando em serviço ou atendimento a ocorrências, é permitido ... trafegarem acima dos limites de velocidade.",Terminal Aquaviário de Santos — Terminal Information Booklet (TIB),4.4.11. Limites de Velocidade,0.98
Restrição para navios com máquina ou leme restritos,APPLIES_TO,Navios com restrição de máquina e de leme,restriction:restricao-para-navios-com-maquina-ou-leme-restritos,Restriction,vessel:navios-com-restricao-de-maquina-e-de-leme,Vessel,somente poderão ser manobrados à luz do dia e com a autorização da Capitania dos Portos.,Terminal Aquaviário de Santos — Terminal Information Booklet (TIB),4.4.12. Restrições e horários de manobras,0.98
Restrição para navios com máquina ou leme restritos,VALID_DURING,Luz do dia,restriction:restricao-para-navios-com-maquina-ou-leme-restritos,Restriction,condition:luz-do-dia,Condition,somente poderão ser manobrados à luz do dia.,Terminal Aquaviário de Santos — Terminal Information Booklet (TIB),4.4.12. Restrições e horários de manobras,0.98
Restrição para navios com máquina ou leme restritos,REQUIRES,Autorização da Capitania dos Portos,restriction:restricao-para-navios-com-maquina-ou-leme-restritos,Restriction,permission:autorizacao-da-capitania-dos-portos,Permission,com a autorização da Capitania dos Portos.,Terminal Aquaviário de Santos — Terminal Information Booklet (TIB),4.4.12. Restrições e horários de manobras,0.98
Regra de manobra em maré de sizígia na Alemoa,APPLIES_TO,Terminal da Alemoa,navigationrule:regra-de-manobra-em-mare-de-sizigia-na-alemoa,NavigationRule,terminal:terminal-da-alemoa,Terminal,"nas ocasiões de maré de sizígia, as manobras ... ocorrerão, preferencialmente, durante os períodos de enchente ou maré parada.",Terminal Aquaviário de Santos — Terminal Information Booklet (TIB),4.4.12. Restrições e horários de manobras,0.98
Proibição de cruzamento no Canal de Piaçaguera,APPLIES_TO,Canal de Piaçaguera,prohibition:proibicao-de-cruzamento-no-canal-de-piacaguera,Prohibition,channel:canal-de-piacaguera,Channel,Não é permitido cruzamento de navios no Canal de Piaçaguera.,Terminal Aquaviário de Santos — Terminal Information Booklet (TIB),5.9. Restrições para manobras,0.98
Proibição de navegação noturna no Canal de Piaçaguera,APPLIES_TO,"Navios com comprimento superior a 228 m ou calado igual/superior a 10,36 m",prohibition:proibicao-de-navegacao-noturna-no-canal-de-piacaguera,Prohibition,vessel:navios-com-comprimento-superior-a-228-m-ou-calado-igual-superior-a-10-36-m,Vessel,"A navegação noturna de navios de comprimento superior a 228m ou de calado igual ou superior a 10,36m não é permitida.",Terminal Aquaviário de Santos — Terminal Information Booklet (TIB),4.4.15. Canal de Piaçaguera,0.98
Regra de tráfego unitário no Canal de Piaçaguera,LIMITS,Navios no Canal de Piaçaguera,navigationrule:regra-de-trafego-unitario-no-canal-de-piacaguera,NavigationRule,vessel:navios-no-canal-de-piacaguera,Vessel,Só é permitido o tráfego de um navio de cada vez.,Terminal Aquaviário de Santos — Terminal Information Booklet (TIB),4.4.15. Canal de Piaçaguera,0.98
"Navios com calado inferior a 10,36 m no Canal de Piaçaguera",IS_ASSISTED_BY,Dois rebocadores,vessel:navios-com-calado-inferior-a-10-36-m-no-canal-de-piacaguera,Vessel,tugboat:dois-rebocadores,Tugboat,"Navios com calado inferior a 10,36m ... devem ser acompanhados por 2 rebocadores.",Terminal Aquaviário de Santos — Terminal Information Booklet (TIB),4.4.15. Canal de Piaçaguera,0.98
"Navios com calado igual ou superior a 10,36 m no Canal de Piaçaguera",IS_ASSISTED_BY,Três rebocadores,vessel:navios-com-calado-igual-ou-superior-a-10-36-m-no-canal-de-piacaguera,Vessel,tugboat:tres-rebocadores,Tugboat,"Navios com calado igual ou superior 10,36m ... devem ser acompanhados por 3 rebocadores.",Terminal Aquaviário de Santos — Terminal Information Booklet (TIB),4.4.15. Canal de Piaçaguera,0.98
Evolução de navios na Seção B junto ao píer da Alemoa,REQUIRES_SERVICE,Praticagem,operation:evolucao-de-navios-na-secao-b-junto-ao-pier-da-alemoa,Operation,pilotageservice:praticagem,PilotageService,A evolução é obrigatoriamente assistida pelo prático.,Terminal Aquaviário de Santos — Terminal Information Booklet (TIB),4.5. ÁREAS DE MANOBRA,0.98
Evolução de navios na Seção B junto ao píer da Alemoa,REQUIRES_SERVICE,Rebocadores,operation:evolucao-de-navios-na-secao-b-junto-ao-pier-da-alemoa,Operation,tugboat:rebocadores,Tugboat,realizada com auxílio de rebocadores.,Terminal Aquaviário de Santos — Terminal Information Booklet (TIB),4.5. ÁREAS DE MANOBRA,0.98
"Suspensão total da praticagem por vagas acima de 3,0 m",APPLIES_TO,Praticagem no Porto de Santos,restriction:suspensao-total-da-praticagem-por-vagas-acima-de-3-0-m,Restriction,pilotageservice:praticagem-no-porto-de-santos,PilotageService,"vagas > 3,0 metros",Terminal Aquaviário de Santos — Terminal Information Booklet (TIB),4.4.14. Suspensão da Praticagem,0.98
Suspensão total da praticagem por vento,APPLIES_TO,Praticagem no Porto de Santos,restriction:suspensao-total-da-praticagem-por-vento,Restriction,pilotageservice:praticagem-no-porto-de-santos,PilotageService,vento - intensidade mantida > 30 nós ou rajadas > 35 nós,Terminal Aquaviário de Santos — Terminal Information Booklet (TIB),4.4.14. Suspensão da Praticagem,0.98
Suspensão total da praticagem por baixa visibilidade,APPLIES_TO,Praticagem no Porto de Santos,restriction:suspensao-total-da-praticagem-por-baixa-visibilidade,Restriction,pilotageservice:praticagem-no-porto-de-santos,PilotageService,"visibilidade - alcance < 0,5 milha náutica",Terminal Aquaviário de Santos — Terminal Information Booklet (TIB),4.4.14. Suspensão da Praticagem,0.98
Suspensão parcial da praticagem por vagas,APPLIES_TO,Praticagem no Porto de Santos,restriction:suspensao-parcial-da-praticagem-por-vagas,Restriction,pilotageservice:praticagem-no-porto-de-santos,PilotageService,"vagas > 1,5 metros, suspensão parcial, para navios LOA > 306 metros",Terminal Aquaviário de Santos — Terminal Information Booklet (TIB),4.4.14. Suspensão da Praticagem,0.98
Suspensão parcial da praticagem por vento,APPLIES_TO,Praticagem no Porto de Santos,restriction:suspensao-parcial-da-praticagem-por-vento,Restriction,pilotageservice:praticagem-no-porto-de-santos,PilotageService,vento ... > 17 nós ou rajadas > 25 nós ... para navios de LOA > 306 metros e navios de grande área vélica,Terminal Aquaviário de Santos — Terminal Information Booklet (TIB),4.4.14. Suspensão da Praticagem,0.98
Suspensão parcial da praticagem por visibilidade,APPLIES_TO,Praticagem no Porto de Santos,restriction:suspensao-parcial-da-praticagem-por-visibilidade,Restriction,pilotageservice:praticagem-no-porto-de-santos,PilotageService,visibilidade - alcance < 1 milha náutica ... para navios de LOA > 306 metros,Terminal Aquaviário de Santos — Terminal Information Booklet (TIB),4.4.14. Suspensão da Praticagem,0.98
Terminal Aquaviário de Santos (Terminal Alemoa),HAS_PIER,Píer P1A,terminal:terminal-aquaviario-de-santos-terminal-alemoa,Terminal,pier:pier-p1a,Pier,O Terminal Aquaviário de Santos utiliza somente o P1A e o P2A.,Terminal Aquaviário de Santos — Terminal Information Booklet (TIB),5.1. DESCRIÇÃO GERAL,0.98
Terminal Aquaviário de Santos (Terminal Alemoa),HAS_PIER,Píer P2A,terminal:terminal-aquaviario-de-santos-terminal-alemoa,Terminal,pier:pier-p2a,Pier,O Terminal Aquaviário de Santos utiliza somente o P1A e o P2A.,Terminal Aquaviário de Santos — Terminal Information Booklet (TIB),5.1. DESCRIÇÃO GERAL,0.98
Píer P1A,USED_EXCLUSIVELY_BY,Petrobras Transporte S.A. (TRANSPETRO),pier:pier-p1a,Pier,organization:petrobras-transporte-s-a-transpetro,Organization,o P1A de uso exclusivo da TRANSPETRO.,Terminal Aquaviário de Santos — Terminal Information Booklet (TIB),5.1. DESCRIÇÃO GERAL,0.98
Píer P2A,OPERATED_BY,Petrobras Transporte S.A. (TRANSPETRO),pier:pier-p2a,Pier,organization:petrobras-transporte-s-a-transpetro,Organization,O Terminal Aquaviário de Santos utiliza ... o P2A compartilhado com outras empresas.,Terminal Aquaviário de Santos — Terminal Information Booklet (TIB),5.1. DESCRIÇÃO GERAL,0.98
Terminal da Alemoa,HAS_PIER,Píer P1,terminal:terminal-da-alemoa,Terminal,pier:pier-p1,Pier,Os outros dois píeres no lado interno (P1 e P2).,Terminal Aquaviário de Santos — Terminal Information Booklet (TIB),5.1. DESCRIÇÃO GERAL,0.98
Píer P1,USED_EXCLUSIVELY_BY,Petrobras Transporte S.A. (TRANSPETRO),pier:pier-p1,Pier,organization:petrobras-transporte-s-a-transpetro,Organization,P1 e P2 são operados exclusivamente pela TRANSPETRO.,Terminal Aquaviário de Santos — Terminal Information Booklet (TIB),5.1. DESCRIÇÃO GERAL,0.98
Píer P1,LOADS,Óleo combustível marítimo (bunker),pier:pier-p1,Pier,bunkerfuel:oleo-combustivel-maritimo-bunker,BunkerFuel,se destinam ao carregamento de barcaças com óleo combustível marítimo (bunker).,Terminal Aquaviário de Santos — Terminal Information Booklet (TIB),5.1. DESCRIÇÃO GERAL,0.98
Terminal da Alemoa,HAS_PIER,Píer P2,terminal:terminal-da-alemoa,Terminal,pier:pier-p2,Pier,Os outros dois píeres no lado interno (P1 e P2).,Terminal Aquaviário de Santos — Terminal Information Booklet (TIB),5.1. DESCRIÇÃO GERAL,0.98
Píer P2,USED_EXCLUSIVELY_BY,Petrobras Transporte S.A. (TRANSPETRO),pier:pier-p2,Pier,organization:petrobras-transporte-s-a-transpetro,Organization,P1 e P2 são operados exclusivamente pela TRANSPETRO.,Terminal Aquaviário de Santos — Terminal Information Booklet (TIB),5.1. DESCRIÇÃO GERAL,0.98
Píer P2,LOADS,Óleo combustível marítimo (bunker),pier:pier-p2,Pier,bunkerfuel:oleo-combustivel-maritimo-bunker,BunkerFuel,se destinam ao carregamento de barcaças com óleo combustível marítimo (bunker).,Terminal Aquaviário de Santos — Terminal Information Booklet (TIB),5.1. DESCRIÇÃO GERAL,0.98
Píer P1A,HANDLES,Derivados claros de petróleo,pier:pier-p1a,Pier,lightpetroleumderivative:derivados-claros-de-petroleo,LightPetroleumDerivative,Os píeres P1A e P2A são utilizados tanto para carga quanto para descarga de derivados claros de petróleo.,Terminal Aquaviário de Santos — Terminal Information Booklet (TIB),5.1. DESCRIÇÃO GERAL,0.98
Píer P1A,HANDLES,Derivados escuros de petróleo,pier:pier-p1a,Pier,heavypetroleumderivative:derivados-escuros-de-petroleo,HeavyPetroleumDerivative,Os píeres P1A e P2A são utilizados tanto para carga quanto para descarga de derivados escuros de petróleo.,Terminal Aquaviário de Santos — Terminal Information Booklet (TIB),5.1. DESCRIÇÃO GERAL,0.98
Píer P1A,HANDLES,GLP,pier:pier-p1a,Pier,lpg:glp,LPG,Os píeres P1A e P2A são utilizados tanto para carga quanto para descarga de glp.,Terminal Aquaviário de Santos — Terminal Information Booklet (TIB),5.1. DESCRIÇÃO GERAL,0.98
Píer P2A,HANDLES,Derivados claros de petróleo,pier:pier-p2a,Pier,lightpetroleumderivative:derivados-claros-de-petroleo,LightPetroleumDerivative,Os píeres P1A e P2A são utilizados tanto para carga quanto para descarga de derivados claros de petróleo.,Terminal Aquaviário de Santos — Terminal Information Booklet (TIB),5.1. DESCRIÇÃO GERAL,0.98
Píer P2A,HANDLES,Derivados escuros de petróleo,pier:pier-p2a,Pier,heavypetroleumderivative:derivados-escuros-de-petroleo,HeavyPetroleumDerivative,Os píeres P1A e P2A são utilizados tanto para carga quanto para descarga de derivados escuros de petróleo.,Terminal Aquaviário de Santos — Terminal Information Booklet (TIB),5.1. DESCRIÇÃO GERAL,0.98
Píer P2A,HANDLES,GLP,pier:pier-p2a,Pier,lpg:glp,LPG,Os píeres P1A e P2A são utilizados tanto para carga quanto para descarga de glp.,Terminal Aquaviário de Santos — Terminal Information Booklet (TIB),5.1. DESCRIÇÃO GERAL,0.98
Ultra Cargo (Tequimar),OPERATES,Terminal da Alemoa,organization:ultra-cargo-tequimar,Organization,terminal:terminal-da-alemoa,Terminal,"Além da TRANSPETRO, operam com granéis líquidos no Terminal de Alemoa: Ultra Cargo (Tequimar).",Terminal Aquaviário de Santos — Terminal Information Booklet (TIB),5.1. DESCRIÇÃO GERAL,0.95
Stolthaven,OPERATES,Terminal da Alemoa,organization:stolthaven,Organization,terminal:terminal-da-alemoa,Terminal,"Além da TRANSPETRO, operam com granéis líquidos no Terminal de Alemoa: Stolthaven.",Terminal Aquaviário de Santos — Terminal Information Booklet (TIB),5.1. DESCRIÇÃO GERAL,0.95
Vopak,OPERATES,Terminal da Alemoa,organization:vopak,Organization,terminal:terminal-da-alemoa,Terminal,"Além da TRANSPETRO, operam com granéis líquidos no Terminal de Alemoa: Vopak.",Terminal Aquaviário de Santos — Terminal Information Booklet (TIB),5.1. DESCRIÇÃO GERAL,0.95
Regra de aceitação de navios,PROHIBITS,Navios com problemas pregressos e não tratados,operationalrule:regra-de-aceitacao-de-navios,OperationalRule,vessel:navios-com-problemas-pregressos-e-nao-tratados,Vessel,Navios que apresentem problemas pregressos e não tratados não serão aceitos.,Terminal Aquaviário de Santos — Terminal Information Booklet (TIB),5.4. CONDIÇÕES DE ACEITAÇÃO DO NAVIO,0.98
Regra de aceitação de navios,APPLIES_TO,Operação no píer petroleiro,operationalrule:regra-de-aceitacao-de-navios,OperationalRule,operation:operacao-no-pier-petroleiro,Operation,sendo-lhes negada a permissão para operar no píer petroleiro.,Terminal Aquaviário de Santos — Terminal Information Booklet (TIB),5.4. CONDIÇÕES DE ACEITAÇÃO DO NAVIO,0.98
Canal de Piaçaguera nas imediações do Terminal,HAS_RISK,Deslocamento longitudinal de navios atracados,channel:canal-de-piacaguera-nas-imediacoes-do-terminal,Channel,risk:deslocamento-longitudinal-de-navios-atracados,Risk,É comum o deslocamento longitudinal dos navios em operação nos píeres quando da passagem de outros Navios pelo canal.,Terminal Aquaviário de Santos — Terminal Information Booklet (TIB),5.6. PRINCIPAIS RISCOS,0.98
Amarração fora das recomendações do Terminal,MAY_CAUSE,Deslocamento longitudinal de navios atracados,risk:amarracao-fora-das-recomendacoes-do-terminal,Risk,risk:deslocamento-longitudinal-de-navios-atracados,Risk,Amarração fora das recomendações do Terminal.,Terminal Aquaviário de Santos — Terminal Information Booklet (TIB),5.6. PRINCIPAIS RISCOS,0.94
Amarração branda,MAY_CAUSE,Deslocamento longitudinal de navios atracados,risk:amarracao-branda,Risk,risk:deslocamento-longitudinal-de-navios-atracados,Risk,Amarração branda.,Terminal Aquaviário de Santos — Terminal Information Booklet (TIB),5.6. PRINCIPAIS RISCOS,0.94
Passagem de navio acima de 6 nós,MAY_CAUSE,Deslocamento longitudinal de navios atracados,risk:passagem-de-navio-acima-de-6-nos,Risk,risk:deslocamento-longitudinal-de-navios-atracados,Risk,Passagem de navio acima de 6 nós.,Terminal Aquaviário de Santos — Terminal Information Booklet (TIB),5.6. PRINCIPAIS RISCOS,0.94
Passagem de navio com grande deslocamento,MAY_CAUSE,Deslocamento longitudinal de navios atracados,risk:passagem-de-navio-com-grande-deslocamento,Risk,risk:deslocamento-longitudinal-de-navios-atracados,Risk,Passagem de navio com grande deslocamento.,Terminal Aquaviário de Santos — Terminal Information Booklet (TIB),5.6. PRINCIPAIS RISCOS,0.94
Calado próximo a 11 m,MAY_CAUSE,Deslocamento longitudinal de navios atracados,risk:calado-proximo-a-11-m,Risk,risk:deslocamento-longitudinal-de-navios-atracados,Risk,Calado próximo a 11 m.,Terminal Aquaviário de Santos — Terminal Information Booklet (TIB),5.6. PRINCIPAIS RISCOS,0.94
Terminal Aquaviário de Santos (Terminal Alemoa),RECOMMENDS,Arranjo de amarração do item 6.2,terminal:terminal-aquaviario-de-santos-terminal-alemoa,Terminal,recommendation:arranjo-de-amarracao-do-item-6-2,Recommendation,Para evitar ou minimizar problemas ... o Terminal recomenda a amarração descrita no item 6.2.,Terminal Aquaviário de Santos — Terminal Information Booklet (TIB),5.6. PRINCIPAIS RISCOS,0.98
Regra de interrupção de operações do Terminal,CONDITIONED_BY,Incêndio ou princípio de incêndio,operationalrule:regra-de-interrupcao-de-operacoes-do-terminal,OperationalRule,condition:incendio-ou-principio-de-incendio,Condition,A operação dos navios poderá ser interrompida ... incêndio ou princípio de incêndio.,Terminal Aquaviário de Santos — Terminal Information Booklet (TIB),5.6. PRINCIPAIS RISCOS,0.98
Regra de interrupção de operações do Terminal,CONDITIONED_BY,Passagem de outro navio considerada crítica,operationalrule:regra-de-interrupcao-de-operacoes-do-terminal,OperationalRule,condition:passagem-de-outro-navio-considerada-critica,Condition,A operação dos navios poderá ser interrompida ... passagem de outro navio considerada crítica.,Terminal Aquaviário de Santos — Terminal Information Booklet (TIB),5.6. PRINCIPAIS RISCOS,0.98
Regra de interrupção de operações do Terminal,CONDITIONED_BY,Vazamento de carga ou substância agressiva ao meio hídrico,operationalrule:regra-de-interrupcao-de-operacoes-do-terminal,OperationalRule,condition:vazamento-de-carga-ou-substancia-agressiva-ao-meio-hidrico,Condition,A operação dos navios poderá ser interrompida ... vazamento de carga ou substância agressiva ao meio hídrico.,Terminal Aquaviário de Santos — Terminal Information Booklet (TIB),5.6. PRINCIPAIS RISCOS,0.98
Regra de interrupção de operações do Terminal,CONDITIONED_BY,Rajadas de vento de 30 nós ou acima,operationalrule:regra-de-interrupcao-de-operacoes-do-terminal,OperationalRule,condition:rajadas-de-vento-de-30-nos-ou-acima,Condition,A operação dos navios poderá ser interrompida ... rajadas de vento de 30 nós ou acima.,Terminal Aquaviário de Santos — Terminal Information Booklet (TIB),5.6. PRINCIPAIS RISCOS,0.98
Regra de interrupção de operações do Terminal,CONDITIONED_BY,Descargas elétricas atmosféricas nas imediações,operationalrule:regra-de-interrupcao-de-operacoes-do-terminal,OperationalRule,condition:descargas-eletricas-atmosfericas-nas-imediacoes,Condition,A operação dos navios poderá ser interrompida ... descargas elétricas atmosféricas nas imediações.,Terminal Aquaviário de Santos — Terminal Information Booklet (TIB),5.6. PRINCIPAIS RISCOS,0.98
Regra de interrupção de operações do Terminal,CONDITIONED_BY,Solicitação do navio em operação,operationalrule:regra-de-interrupcao-de-operacoes-do-terminal,OperationalRule,condition:solicitacao-do-navio-em-operacao,Condition,A operação dos navios poderá ser interrompida ... solicitação do navio em operação.,Terminal Aquaviário de Santos — Terminal Information Booklet (TIB),5.6. PRINCIPAIS RISCOS,0.98
Limite operacional P1A,APPLIES_TO,Píer P1A,restriction:limite-operacional-p1a,Restriction,pier:pier-p1a,Pier,P1A: limites operacionais conforme Tabela 9.,Terminal Aquaviário de Santos — Terminal Information Booklet (TIB),5.9. Limites operacionais,0.98
Limite operacional P1A,HAS_MAXIMUM,75.000 TPB / 95.000 t deslocamento,restriction:limite-operacional-p1a,Restriction,condition:75-000-tpb-95-000-t-deslocamento,Condition,P1A: 75.000 TPB / 95.000 t deslocamento.,Terminal Aquaviário de Santos — Terminal Information Booklet (TIB),5.9. Limites operacionais,0.98
Limite operacional P1A,HAS_MAXIMUM,Comprimento máximo 250 m,restriction:limite-operacional-p1a,Restriction,condition:comprimento-maximo-250-m,Condition,P1A: comprimento máximo 250 m.,Terminal Aquaviário de Santos — Terminal Information Booklet (TIB),5.9. Limites operacionais,0.98
Limite operacional P1A,HAS_MINIMUM,Comprimento mínimo 110 m,restriction:limite-operacional-p1a,Restriction,condition:comprimento-minimo-110-m,Condition,P1A: comprimento mínimo 110 m.,Terminal Aquaviário de Santos — Terminal Information Booklet (TIB),5.9. Limites operacionais,0.98
Limite operacional P1A,HAS_MAXIMUM,"Calado máximo 12,40 m",restriction:limite-operacional-p1a,Restriction,condition:calado-maximo-12-40-m,Condition,"P1A: calado máximo 12,40 m.",Terminal Aquaviário de Santos — Terminal Information Booklet (TIB),5.9. Limites operacionais,0.98
Limite operacional P1A,HAS_MINIMUM,"Borda-livre mínima 3,00 m",restriction:limite-operacional-p1a,Restriction,condition:borda-livre-minima-3-00-m,Condition,"P1A: borda-livre mínima 3,00 m.",Terminal Aquaviário de Santos — Terminal Information Booklet (TIB),5.9. Limites operacionais,0.98
Limite operacional P2A,APPLIES_TO,Píer P2A,restriction:limite-operacional-p2a,Restriction,pier:pier-p2a,Pier,P2A: limites operacionais conforme Tabela 9.,Terminal Aquaviário de Santos — Terminal Information Booklet (TIB),5.9. Limites operacionais,0.98
Limite operacional P2A,HAS_MAXIMUM,60.000 TPB / 80.000 t deslocamento,restriction:limite-operacional-p2a,Restriction,condition:60-000-tpb-80-000-t-deslocamento,Condition,P2A: 60.000 TPB / 80.000 t deslocamento.,Terminal Aquaviário de Santos — Terminal Information Booklet (TIB),5.9. Limites operacionais,0.98
Limite operacional P2A,HAS_MAXIMUM,Comprimento máximo 250 m,restriction:limite-operacional-p2a,Restriction,condition:comprimento-maximo-250-m,Condition,P2A: comprimento máximo 250 m.,Terminal Aquaviário de Santos — Terminal Information Booklet (TIB),5.9. Limites operacionais,0.98
Limite operacional P2A,HAS_MINIMUM,Comprimento mínimo 110 m,restriction:limite-operacional-p2a,Restriction,condition:comprimento-minimo-110-m,Condition,P2A: comprimento mínimo 110 m.,Terminal Aquaviário de Santos — Terminal Information Booklet (TIB),5.9. Limites operacionais,0.98
Limite operacional P2A,HAS_MAXIMUM,"Calado máximo 12,40 m",restriction:limite-operacional-p2a,Restriction,condition:calado-maximo-12-40-m,Condition,"P2A: calado máximo 12,40 m.",Terminal Aquaviário de Santos — Terminal Information Booklet (TIB),5.9. Limites operacionais,0.98
Limite operacional P2A,HAS_MINIMUM,"Borda-livre mínima 3,00 m",restriction:limite-operacional-p2a,Restriction,condition:borda-livre-minima-3-00-m,Condition,"P2A: borda-livre mínima 3,00 m.",Terminal Aquaviário de Santos — Terminal Information Booklet (TIB),5.9. Limites operacionais,0.98
Atracação noturna na Alemoa,HAS_MAXIMUM,Comprimento 250 m e boca 45 m,restriction:atracacao-noturna-na-alemoa,Restriction,condition:comprimento-250-m-e-boca-45-m,Condition,Manobras noturnas: Comprimento de 250 metros e Boca 45 metros.,Terminal Aquaviário de Santos — Terminal Information Booklet (TIB),5.9. Restrições para manobras,0.98
Atracação noturna na Alemoa,REQUIRES,Atracação por bombordo,restriction:atracacao-noturna-na-alemoa,Restriction,condition:atracacao-por-bombordo,Condition,"Nessa condição, o navio só poderá atracar por bombordo.",Terminal Aquaviário de Santos — Terminal Information Booklet (TIB),5.9. Restrições para manobras,0.98
Navios gaseiros com carga para desembarque,RECOMMENDS,Atracação por bombordo,vessel:navios-gaseiros-com-carga-para-desembarque,Vessel,recommendation:atracacao-por-bombordo,Recommendation,Navios Gaseiros com carga para desembarque devem atracar preferencialmente por bombordo.,Terminal Aquaviário de Santos — Terminal Information Booklet (TIB),5.9. Restrições para manobras,0.98
Píer P1A,REQUIRES_SERVICE,Praticagem,pier:pier-p1a,Pier,pilotageservice:praticagem,PilotageService,P1A: Requer prático: Sim.,Terminal Aquaviário de Santos — Terminal Information Booklet (TIB),6.2. ARRANJO DE ATRACAÇÃO E DE AMARRAÇÃO,0.98
Píer P1A,REQUIRES_SERVICE,Rebocadores,pier:pier-p1a,Pier,tugboat:rebocadores,Tugboat,P1A: rebocadores previstos para atracação e desatracação.,Terminal Aquaviário de Santos — Terminal Information Booklet (TIB),6.2. ARRANJO DE ATRACAÇÃO E DE AMARRAÇÃO,0.95
Píer P2A,REQUIRES_SERVICE,Praticagem,pier:pier-p2a,Pier,pilotageservice:praticagem,PilotageService,P2A: Requer prático: Sim.,Terminal Aquaviário de Santos — Terminal Information Booklet (TIB),6.2. ARRANJO DE ATRACAÇÃO E DE AMARRAÇÃO,0.98
Píer P2A,REQUIRES_SERVICE,Rebocadores,pier:pier-p2a,Pier,tugboat:rebocadores,Tugboat,P2A: rebocadores previstos para atracação e desatracação.,Terminal Aquaviário de Santos — Terminal Information Booklet (TIB),6.2. ARRANJO DE ATRACAÇÃO E DE AMARRAÇÃO,0.95
Regra de amarração mínima,REQUIRES,Três espringues AV e AR,safetyrule:regra-de-amarracao-minima,SafetyRule,equipment:tres-espringues-av-e-ar,Equipment,Utilizar no mínimo três espringues AV (avante) e AR (a ré) para qualquer porte de navio.,Terminal Aquaviário de Santos — Terminal Information Booklet (TIB),6.2. ARRANJO DE ATRACAÇÃO E DE AMARRAÇÃO,0.98
Regra de tensão da amarração,APPLIES_TO,Navio atracado,safetyrule:regra-de-tensao-da-amarracao,SafetyRule,vessel:navio-atracado,Vessel,Manter tesa a amarração durante toda a operação.,Terminal Aquaviário de Santos — Terminal Information Booklet (TIB),6.2. ARRANJO DE ATRACAÇÃO E DE AMARRAÇÃO,0.98
GIAONT,SUPERVISES,Manobras de atracação e amarração,organization:giaont,Organization,operation:manobras-de-atracacao-e-amarracao,Operation,As manobras de atracação e amarração são acompanhadas pelo GIAONT do Terminal.,Terminal Aquaviário de Santos — Terminal Information Booklet (TIB),6.2. ARRANJO DE ATRACAÇÃO E DE AMARRAÇÃO,0.98
Píer P1A,HAS_LOADING_POINT,Braço de carregamento Braço 1 P1A,pier:pier-p1a,Pier,loadingpoint:braco-de-carregamento-braco-1-p1a,LoadingPoint,P1A Braço 1: tipo de produto GLP.,Terminal Aquaviário de Santos — Terminal Information Booklet (TIB),"6.3. CARACTERÍSTICAS DO BERÇO PARA CARGA, DESCARGA E ABASTECIMENTO",0.97
Braço de carregamento Braço 1 P1A,HANDLES,GLP,loadingpoint:braco-de-carregamento-braco-1-p1a,LoadingPoint,lpg:glp,LPG,P1A Braço 1: tipo de produto GLP.,Terminal Aquaviário de Santos — Terminal Information Booklet (TIB),"6.3. CARACTERÍSTICAS DO BERÇO PARA CARGA, DESCARGA E ABASTECIMENTO",0.97
Píer P1A,HAS_LOADING_POINT,Braço de carregamento Braço 2 P1A,pier:pier-p1a,Pier,loadingpoint:braco-de-carregamento-braco-2-p1a,LoadingPoint,P1A Braço 2: tipo de produto Derivados claros.,Terminal Aquaviário de Santos — Terminal Information Booklet (TIB),"6.3. CARACTERÍSTICAS DO BERÇO PARA CARGA, DESCARGA E ABASTECIMENTO",0.97
Braço de carregamento Braço 2 P1A,HANDLES,Derivados claros,loadingpoint:braco-de-carregamento-braco-2-p1a,LoadingPoint,lightpetroleumderivative:derivados-claros,LightPetroleumDerivative,P1A Braço 2: tipo de produto Derivados claros.,Terminal Aquaviário de Santos — Terminal Information Booklet (TIB),"6.3. CARACTERÍSTICAS DO BERÇO PARA CARGA, DESCARGA E ABASTECIMENTO",0.97
Píer P1A,HAS_LOADING_POINT,Braço de carregamento Braço 3 P1A,pier:pier-p1a,Pier,loadingpoint:braco-de-carregamento-braco-3-p1a,LoadingPoint,P1A Braço 3: tipo de produto Derivados claros.,Terminal Aquaviário de Santos — Terminal Information Booklet (TIB),"6.3. CARACTERÍSTICAS DO BERÇO PARA CARGA, DESCARGA E ABASTECIMENTO",0.97
Braço de carregamento Braço 3 P1A,HANDLES,Derivados claros,loadingpoint:braco-de-carregamento-braco-3-p1a,LoadingPoint,lightpetroleumderivative:derivados-claros,LightPetroleumDerivative,P1A Braço 3: tipo de produto Derivados claros.,Terminal Aquaviário de Santos — Terminal Information Booklet (TIB),"6.3. CARACTERÍSTICAS DO BERÇO PARA CARGA, DESCARGA E ABASTECIMENTO",0.97
Píer P1A,HAS_LOADING_POINT,Braço de carregamento Braço 4 P1A,pier:pier-p1a,Pier,loadingpoint:braco-de-carregamento-braco-4-p1a,LoadingPoint,P1A Braço 4: tipo de produto Derivados claros.,Terminal Aquaviário de Santos — Terminal Information Booklet (TIB),"6.3. CARACTERÍSTICAS DO BERÇO PARA CARGA, DESCARGA E ABASTECIMENTO",0.97
Braço de carregamento Braço 4 P1A,HANDLES,Derivados claros,loadingpoint:braco-de-carregamento-braco-4-p1a,LoadingPoint,lightpetroleumderivative:derivados-claros,LightPetroleumDerivative,P1A Braço 4: tipo de produto Derivados claros.,Terminal Aquaviário de Santos — Terminal Information Booklet (TIB),"6.3. CARACTERÍSTICAS DO BERÇO PARA CARGA, DESCARGA E ABASTECIMENTO",0.97
Píer P1A,HAS_LOADING_POINT,Braço de carregamento Braço 5 P1A,pier:pier-p1a,Pier,loadingpoint:braco-de-carregamento-braco-5-p1a,LoadingPoint,P1A Braço 5: tipo de produto Derivados escuros.,Terminal Aquaviário de Santos — Terminal Information Booklet (TIB),"6.3. CARACTERÍSTICAS DO BERÇO PARA CARGA, DESCARGA E ABASTECIMENTO",0.97
Braço de carregamento Braço 5 P1A,HANDLES,Derivados escuros,loadingpoint:braco-de-carregamento-braco-5-p1a,LoadingPoint,heavypetroleumderivative:derivados-escuros,HeavyPetroleumDerivative,P1A Braço 5: tipo de produto Derivados escuros.,Terminal Aquaviário de Santos — Terminal Information Booklet (TIB),"6.3. CARACTERÍSTICAS DO BERÇO PARA CARGA, DESCARGA E ABASTECIMENTO",0.97
Píer P1A,HAS_LOADING_POINT,Braço de carregamento Braço 6 P1A,pier:pier-p1a,Pier,loadingpoint:braco-de-carregamento-braco-6-p1a,LoadingPoint,P1A Braço 6: tipo de produto Derivados escuros.,Terminal Aquaviário de Santos — Terminal Information Booklet (TIB),"6.3. CARACTERÍSTICAS DO BERÇO PARA CARGA, DESCARGA E ABASTECIMENTO",0.97
Braço de carregamento Braço 6 P1A,HANDLES,Derivados escuros,loadingpoint:braco-de-carregamento-braco-6-p1a,LoadingPoint,heavypetroleumderivative:derivados-escuros,HeavyPetroleumDerivative,P1A Braço 6: tipo de produto Derivados escuros.,Terminal Aquaviário de Santos — Terminal Information Booklet (TIB),"6.3. CARACTERÍSTICAS DO BERÇO PARA CARGA, DESCARGA E ABASTECIMENTO",0.97
Píer P1A,HAS_LOADING_POINT,Braço de carregamento Braço 8 P1A,pier:pier-p1a,Pier,loadingpoint:braco-de-carregamento-braco-8-p1a,LoadingPoint,P1A Braço 8: tipo de produto Derivados claros.,Terminal Aquaviário de Santos — Terminal Information Booklet (TIB),"6.3. CARACTERÍSTICAS DO BERÇO PARA CARGA, DESCARGA E ABASTECIMENTO",0.97
Braço de carregamento Braço 8 P1A,HANDLES,Derivados claros,loadingpoint:braco-de-carregamento-braco-8-p1a,LoadingPoint,lightpetroleumderivative:derivados-claros,LightPetroleumDerivative,P1A Braço 8: tipo de produto Derivados claros.,Terminal Aquaviário de Santos — Terminal Information Booklet (TIB),"6.3. CARACTERÍSTICAS DO BERÇO PARA CARGA, DESCARGA E ABASTECIMENTO",0.97
Píer P2A,HAS_LOADING_POINT,Braço de carregamento Braço 1 P2A,pier:pier-p2a,Pier,loadingpoint:braco-de-carregamento-braco-1-p2a,LoadingPoint,P2A Braço 1: tipo de produto GLP.,Terminal Aquaviário de Santos — Terminal Information Booklet (TIB),"6.3. CARACTERÍSTICAS DO BERÇO PARA CARGA, DESCARGA E ABASTECIMENTO",0.97
Braço de carregamento Braço 1 P2A,HANDLES,GLP,loadingpoint:braco-de-carregamento-braco-1-p2a,LoadingPoint,lpg:glp,LPG,P2A Braço 1: tipo de produto GLP.,Terminal Aquaviário de Santos — Terminal Information Booklet (TIB),"6.3. CARACTERÍSTICAS DO BERÇO PARA CARGA, DESCARGA E ABASTECIMENTO",0.97
Píer P2A,HAS_LOADING_POINT,Braço de carregamento Braço 2 P2A,pier:pier-p2a,Pier,loadingpoint:braco-de-carregamento-braco-2-p2a,LoadingPoint,P2A Braço 2: tipo de produto Derivados claros.,Terminal Aquaviário de Santos — Terminal Information Booklet (TIB),"6.3. CARACTERÍSTICAS DO BERÇO PARA CARGA, DESCARGA E ABASTECIMENTO",0.97
Braço de carregamento Braço 2 P2A,HANDLES,Derivados claros,loadingpoint:braco-de-carregamento-braco-2-p2a,LoadingPoint,lightpetroleumderivative:derivados-claros,LightPetroleumDerivative,P2A Braço 2: tipo de produto Derivados claros.,Terminal Aquaviário de Santos — Terminal Information Booklet (TIB),"6.3. CARACTERÍSTICAS DO BERÇO PARA CARGA, DESCARGA E ABASTECIMENTO",0.97
Píer P2A,HAS_LOADING_POINT,Braço de carregamento Braço 3 P2A,pier:pier-p2a,Pier,loadingpoint:braco-de-carregamento-braco-3-p2a,LoadingPoint,P2A Braço 3: tipo de produto Derivados claros.,Terminal Aquaviário de Santos — Terminal Information Booklet (TIB),"6.3. CARACTERÍSTICAS DO BERÇO PARA CARGA, DESCARGA E ABASTECIMENTO",0.97
Braço de carregamento Braço 3 P2A,HANDLES,Derivados claros,loadingpoint:braco-de-carregamento-braco-3-p2a,LoadingPoint,lightpetroleumderivative:derivados-claros,LightPetroleumDerivative,P2A Braço 3: tipo de produto Derivados claros.,Terminal Aquaviário de Santos — Terminal Information Booklet (TIB),"6.3. CARACTERÍSTICAS DO BERÇO PARA CARGA, DESCARGA E ABASTECIMENTO",0.97
Píer P2A,HAS_LOADING_POINT,Braço de carregamento Braço 4 P2A,pier:pier-p2a,Pier,loadingpoint:braco-de-carregamento-braco-4-p2a,LoadingPoint,P2A Braço 4: tipo de produto Derivados claros.,Terminal Aquaviário de Santos — Terminal Information Booklet (TIB),"6.3. CARACTERÍSTICAS DO BERÇO PARA CARGA, DESCARGA E ABASTECIMENTO",0.97
Braço de carregamento Braço 4 P2A,HANDLES,Derivados claros,loadingpoint:braco-de-carregamento-braco-4-p2a,LoadingPoint,lightpetroleumderivative:derivados-claros,LightPetroleumDerivative,P2A Braço 4: tipo de produto Derivados claros.,Terminal Aquaviário de Santos — Terminal Information Booklet (TIB),"6.3. CARACTERÍSTICAS DO BERÇO PARA CARGA, DESCARGA E ABASTECIMENTO",0.97
Píer P2A,HAS_LOADING_POINT,Braço de carregamento Braço 5 P2A,pier:pier-p2a,Pier,loadingpoint:braco-de-carregamento-braco-5-p2a,LoadingPoint,P2A Braço 5: tipo de produto Derivados escuros.,Terminal Aquaviário de Santos — Terminal Information Booklet (TIB),"6.3. CARACTERÍSTICAS DO BERÇO PARA CARGA, DESCARGA E ABASTECIMENTO",0.97
Braço de carregamento Braço 5 P2A,HANDLES,Derivados escuros,loadingpoint:braco-de-carregamento-braco-5-p2a,LoadingPoint,heavypetroleumderivative:derivados-escuros,HeavyPetroleumDerivative,P2A Braço 5: tipo de produto Derivados escuros.,Terminal Aquaviário de Santos — Terminal Information Booklet (TIB),"6.3. CARACTERÍSTICAS DO BERÇO PARA CARGA, DESCARGA E ABASTECIMENTO",0.97
Píer P2A,HAS_LOADING_POINT,Braço de carregamento Braço 6 P2A,pier:pier-p2a,Pier,loadingpoint:braco-de-carregamento-braco-6-p2a,LoadingPoint,P2A Braço 6: tipo de produto Derivados escuros.,Terminal Aquaviário de Santos — Terminal Information Booklet (TIB),"6.3. CARACTERÍSTICAS DO BERÇO PARA CARGA, DESCARGA E ABASTECIMENTO",0.97
Braço de carregamento Braço 6 P2A,HANDLES,Derivados escuros,loadingpoint:braco-de-carregamento-braco-6-p2a,LoadingPoint,heavypetroleumderivative:derivados-escuros,HeavyPetroleumDerivative,P2A Braço 6: tipo de produto Derivados escuros.,Terminal Aquaviário de Santos — Terminal Information Booklet (TIB),"6.3. CARACTERÍSTICAS DO BERÇO PARA CARGA, DESCARGA E ABASTECIMENTO",0.97
Braços de GLP P1A e P2A,HAS_RESTRICTION,Fora de operação,equipment:bracos-de-glp-p1a-e-p2a,Equipment,restriction:fora-de-operacao,Restriction,Os Braços de GLP do Píer P1A e P2A estão fora de operação.,Terminal Aquaviário de Santos — Terminal Information Booklet (TIB),"6.3. CARACTERÍSTICAS DO BERÇO PARA CARGA, DESCARGA E ABASTECIMENTO",0.98
Navios destinados ao Terminal de Santos,NOTIFIES_ARRIVAL,Agente do navio,vessel:navios-destinados-ao-terminal-de-santos,Vessel,organization:agente-do-navio,Organization,"Os Navios deverão enviar a estimativa de chegada (ETA) com 24 horas de antecedência, diretamente ao respectivo agente.",Terminal Aquaviário de Santos — Terminal Information Booklet (TIB),7. Comunicação Antes da Chegada,0.98
Regra de ETA geral,HAS_MINIMUM,24 horas de antecedência,operationalrule:regra-de-eta-geral,OperationalRule,condition:24-horas-de-antecedencia,Condition,ETA com 24 horas de antecedência.,Terminal Aquaviário de Santos — Terminal Information Booklet (TIB),7. Comunicação Antes da Chegada,0.98
Navios de GLP,NOTIFIES_ARRIVAL,Agente do navio,vessel:navios-de-glp,Vessel,organization:agente-do-navio,Organization,Navios de GLP precisam informar o ETA com antecedência mínima de 48 horas.,Terminal Aquaviário de Santos — Terminal Information Booklet (TIB),7. Comunicação Antes da Chegada,0.98
Regra de ETA para navios de GLP,HAS_MINIMUM,48 horas de antecedência,operationalrule:regra-de-eta-para-navios-de-glp,OperationalRule,condition:48-horas-de-antecedencia,Condition,Navios de GLP precisam informar o ETA com antecedência mínima de 48 horas.,Terminal Aquaviário de Santos — Terminal Information Booklet (TIB),7. Comunicação Antes da Chegada,0.98
Reparos com máquina indisponível e lavagem de tanques,RECOMMENDS,Área de fundeio,operation:reparos-com-maquina-indisponivel-e-lavagem-de-tanques,Operation,anchorage:area-de-fundeio,Anchorage,devem ser realizados preferencialmente na área de fundeio.,Terminal Aquaviário de Santos — Terminal Information Booklet (TIB),7. Comunicação Antes da Chegada,0.98
Reparos com navio atracado,REQUIRES,Autorização prévia do Terminal,operation:reparos-com-navio-atracado,Operation,permission:autorizacao-previa-do-terminal,Permission,"será necessária autorização prévia do Terminal, após análise rigorosa dos riscos envolvidos.",Terminal Aquaviário de Santos — Terminal Information Booklet (TIB),7. Comunicação Antes da Chegada,0.98
Agente do navio,COORDINATES,Formalidades de liberação no Porto Sem Papel,organization:agente-do-navio,Organization,procedure:formalidades-de-liberacao-no-porto-sem-papel,Procedure,todas as formalidades são tratadas diretamente pela agência.,Terminal Aquaviário de Santos — Terminal Information Booklet (TIB),7.1.2 DOCUMENTOS NECESSÁRIOS PARA LIBERAÇÃO,0.98
Liberação do navio,REQUIRES,Free Pratique Request,procedure:liberacao-do-navio,Procedure,document:free-pratique-request,Document,documento necessário para liberação: Free Pratique Request.,Terminal Aquaviário de Santos — Terminal Information Booklet (TIB),7.1.2 DOCUMENTOS NECESSÁRIOS PARA LIBERAÇÃO,0.97
Liberação do navio,REQUIRES,Ship Sanitation Control,procedure:liberacao-do-navio,Procedure,document:ship-sanitation-control,Document,documento necessário para liberação: Ship Sanitation Control.,Terminal Aquaviário de Santos — Terminal Information Booklet (TIB),7.1.2 DOCUMENTOS NECESSÁRIOS PARA LIBERAÇÃO,0.97
Liberação do navio,REQUIRES,Ship's Particulars,procedure:liberacao-do-navio,Procedure,document:ship-s-particulars,Document,documento necessário para liberação: Ship's Particulars.,Terminal Aquaviário de Santos — Terminal Information Booklet (TIB),7.1.2 DOCUMENTOS NECESSÁRIOS PARA LIBERAÇÃO,0.97
Liberação do navio,REQUIRES,Last Port Clearance,procedure:liberacao-do-navio,Procedure,document:last-port-clearance,Document,documento necessário para liberação: Last Port Clearance.,Terminal Aquaviário de Santos — Terminal Information Booklet (TIB),7.1.2 DOCUMENTOS NECESSÁRIOS PARA LIBERAÇÃO,0.97
Liberação do navio,REQUIRES,Minimum Safe Manning Certificate,procedure:liberacao-do-navio,Procedure,document:minimum-safe-manning-certificate,Document,documento necessário para liberação: Minimum Safe Manning Certificate.,Terminal Aquaviário de Santos — Terminal Information Booklet (TIB),7.1.2 DOCUMENTOS NECESSÁRIOS PARA LIBERAÇÃO,0.97
Liberação do navio,REQUIRES,Crew/Passenger list,procedure:liberacao-do-navio,Procedure,document:crew-passenger-list,Document,documento necessário para liberação: Crew/Passenger list.,Terminal Aquaviário de Santos — Terminal Information Booklet (TIB),7.1.2 DOCUMENTOS NECESSÁRIOS PARA LIBERAÇÃO,0.97
Liberação do navio,REQUIRES,Port of Call list,procedure:liberacao-do-navio,Procedure,document:port-of-call-list,Document,documento necessário para liberação: Port of Call list.,Terminal Aquaviário de Santos — Terminal Information Booklet (TIB),7.1.2 DOCUMENTOS NECESSÁRIOS PARA LIBERAÇÃO,0.97
Liberação do navio,REQUIRES,Cargo Plan,procedure:liberacao-do-navio,Procedure,document:cargo-plan,Document,documento necessário para liberação: Cargo Plan.,Terminal Aquaviário de Santos — Terminal Information Booklet (TIB),7.1.2 DOCUMENTOS NECESSÁRIOS PARA LIBERAÇÃO,0.97
Liberação do navio,REQUIRES,Maritime Declaration of Health,procedure:liberacao-do-navio,Procedure,document:maritime-declaration-of-health,Document,documento necessário para liberação: Maritime Declaration of Health.,Terminal Aquaviário de Santos — Terminal Information Booklet (TIB),7.1.2 DOCUMENTOS NECESSÁRIOS PARA LIBERAÇÃO,0.97
Liberação do navio,REQUIRES,Ballast Water report,procedure:liberacao-do-navio,Procedure,document:ballast-water-report,Document,documento necessário para liberação: Ballast Water report.,Terminal Aquaviário de Santos — Terminal Information Booklet (TIB),7.1.2 DOCUMENTOS NECESSÁRIOS PARA LIBERAÇÃO,0.97
Solicitação de bunker,MUST_CONTACT,UN-Bunker,procedure:solicitacao-de-bunker,Procedure,organization:un-bunker,Organization,"As solicitações de abastecimento de bunker devem ser encaminhadas a UN-Bunker, através do seu agente.",Terminal Aquaviário de Santos — Terminal Information Booklet (TIB),7.1.3 PEDIDO DE BUNKER,0.98
UN-Bunker,PROVIDES_BUNKERING,Navios no Porto de Santos,organization:un-bunker,Organization,vessel:navios-no-porto-de-santos,Vessel,As solicitações de abastecimento de bunker devem ser encaminhadas a UN-Bunker.,Terminal Aquaviário de Santos — Terminal Information Booklet (TIB),7.1.3 PEDIDO DE BUNKER,0.98
Abastecimento de bunker,ALLOWS,Fornecimento por oleoduto,operation:abastecimento-de-bunker,Operation,permission:fornecimento-por-oleoduto,Permission,O fornecimento poderá ser feito ... Por oleoduto.,Terminal Aquaviário de Santos — Terminal Information Booklet (TIB),7.1.3 PEDIDO DE BUNKER,0.98
Abastecimento de bunker,ALLOWS,Fornecimento por barcaça,operation:abastecimento-de-bunker,Operation,permission:fornecimento-por-barcaca,Permission,O fornecimento poderá ser feito ... Por barcaça.,Terminal Aquaviário de Santos — Terminal Information Booklet (TIB),7.1.3 PEDIDO DE BUNKER,0.98
Fornecimento por oleoduto,CONDITIONED_BY,Disponibilidade de braço de carregamento e produto,permission:fornecimento-por-oleoduto,Permission,condition:disponibilidade-de-braco-de-carregamento-e-produto,Condition,"condicionado a disponibilidade de braço de carregamento, como também a do produto.",Terminal Aquaviário de Santos — Terminal Information Booklet (TIB),7.1.3 PEDIDO DE BUNKER,0.98
UN-Bunker,SUPPLIES,MGO,organization:un-bunker,Organization,marinefuel:mgo,MarineFuel,Os seguintes tipos de combustíveis podem ser fornecidos: MGO.,Terminal Aquaviário de Santos — Terminal Information Booklet (TIB),7.1.3 PEDIDO DE BUNKER,0.98
UN-Bunker,SUPPLIES,MF-30 a MF-380,organization:un-bunker,Organization,bunkerfuel:mf-30-a-mf-380,BunkerFuel,MF-30 a MF-380 (óleo combustível).,Terminal Aquaviário de Santos — Terminal Information Booklet (TIB),7.1.3 PEDIDO DE BUNKER,0.98
Abastecimento de bunker,REQUIRES,Lista de Verificação de Segurança Operacional Navio/Terminal,operation:abastecimento-de-bunker,Operation,safetychecklist:lista-de-verificacao-de-seguranca-operacional-navio-terminal,SafetyChecklist,Deve ser preenchida a lista de verificação de segurança operacional Navio / Terminal.,Terminal Aquaviário de Santos — Terminal Information Booklet (TIB),7.1.3 PEDIDO DE BUNKER,0.98
Acesso navio-terra,ACCESSED_THROUGH,Escada de portaló ou prancha do navio,procedure:acesso-navio-terra,Procedure,equipment:escada-de-portalo-ou-prancha-do-navio,Equipment,O acesso Navio / terra é feita pela escada de portaló ou prancha do navio.,Terminal Aquaviário de Santos — Terminal Information Booklet (TIB),8.1. ACESSO NAVIO / PORTO,0.98
Acesso alternativo navio-terra,ACCESSED_THROUGH,Lancha disponibilizada pelo Terminal,procedure:acesso-alternativo-navio-terra,Procedure,equipment:lancha-disponibilizada-pelo-terminal,Equipment,"o acesso será feito através de lancha disponibilizada pelo Terminal, se autorizado pela SPA.",Terminal Aquaviário de Santos — Terminal Information Booklet (TIB),8.1. ACESSO NAVIO / PORTO,0.98
Acesso alternativo navio-terra,REQUIRES,Autorização da SPA,procedure:acesso-alternativo-navio-terra,Procedure,permission:autorizacao-da-spa,Permission,se autorizado pela SPA.,Terminal Aquaviário de Santos — Terminal Information Booklet (TIB),8.1. ACESSO NAVIO / PORTO,0.98
Início da operação,REQUIRES,Carta inicial preenchida,operation:inicio-da-operacao,Operation,document:carta-inicial-preenchida,Document,O início da operação só ocorrerá após o preenchimento da carta inicial.,Terminal Aquaviário de Santos — Terminal Information Booklet (TIB),8.2. LIBERAÇÃO INICIAL,0.98
Início da operação,REQUIRES,Aprovação da inspeção do GIAONT,operation:inicio-da-operacao,Operation,safetychecklist:aprovacao-da-inspecao-do-giaont,SafetyChecklist,e a aprovação da inspeção do GIAONT.,Terminal Aquaviário de Santos — Terminal Information Booklet (TIB),8.2. LIBERAÇÃO INICIAL,0.98
GIAONT,PERFORMS,Inspeção de Segurança Operacional,organization:giaont,Organization,procedure:inspecao-de-seguranca-operacional,Procedure,"o GIAONT efetua a Inspeção de Segurança, de acordo com Lista de Verificação de Segurança Operacional.",Terminal Aquaviário de Santos — Terminal Information Booklet (TIB),8.3. LVSO,0.98
Inspeção de Segurança Operacional,SUPPORTED_BY_EVIDENCE,ISGOTT,procedure:inspecao-de-seguranca-operacional,Procedure,document:isgott,Document,baseada na última edição do ISGOTT.,Terminal Aquaviário de Santos — Terminal Information Booklet (TIB),8.3. LVSO,0.98
Operação do navio,CONDITIONED_BY,Navio considerado seguro para operar,operation:operacao-do-navio,Operation,condition:navio-considerado-seguro-para-operar,Condition,a operação só se iniciará após a pendência ser sanada e o navio ser considerado seguro para operar.,Terminal Aquaviário de Santos — Terminal Information Booklet (TIB),8.3. LVSO,0.98
Operação de lastro e deslastro,APPLIES_TO,Navios tipo SBT,operation:operacao-de-lastro-e-deslastro,Operation,ballastvessel:navios-tipo-sbt,BallastVessel,A operação de lastro e deslastro só é permitida para Navios tipo SBT.,Terminal Aquaviário de Santos — Terminal Information Booklet (TIB),"8.4. POLÍTICA DE LASTRO, DE DESLASTRO, SLOP E RECOLHIMENTO DE LIXO",0.98
Descarga de água de lastro ao mar,REQUIRES,Água de lastro isenta de óleo e substâncias poluentes,operation:descarga-de-agua-de-lastro-ao-mar,Operation,ballastwater:agua-de-lastro-isenta-de-oleo-e-substancias-poluentes,BallastWater,O lastro de água a ser descarregado para o mar deverá estar completamente isento de óleo ... ou outra substância capaz de causar poluição.,Terminal Aquaviário de Santos — Terminal Information Booklet (TIB),8.4. POLÍTICA DE LASTRO,0.98
Terminal Aquaviário de Santos (Terminal Alemoa),PROHIBITS,Recebimento de slop de navios,terminal:terminal-aquaviario-de-santos-terminal-alemoa,Terminal,slop:recebimento-de-slop-de-navios,Slop,"não recebe ""slop"" dos navios.",Terminal Aquaviário de Santos — Terminal Information Booklet (TIB),8.4. SLOP,0.98
Retirada de SLOP,ALLOWS,Descarga para barcaça adaptada,operation:retirada-de-slop,Operation,permission:descarga-para-barcaca-adaptada,Permission,"É possível ... a descarga de ""slop"" de bordo para barcaça especialmente adaptada.",Terminal Aquaviário de Santos — Terminal Information Booklet (TIB),8.4. SLOP,0.98
Retirada de SLOP,VALID_DURING,Antes ou após carga/descarga,operation:retirada-de-slop,Operation,condition:antes-ou-apos-carga-descarga,Condition,"só será permitida antes ou após o término das operações de carga/descarga, nunca simultaneamente.",Terminal Aquaviário de Santos — Terminal Information Booklet (TIB),8.4. SLOP,0.98
Retirada de SLOP,REQUIRES_NOTIFICATION,Terminal Aquaviário de Santos (Terminal Alemoa),operation:retirada-de-slop,Operation,terminal:terminal-aquaviario-de-santos-terminal-alemoa,Terminal,O Terminal deve ser notificado antes de sua realização.,Terminal Aquaviário de Santos — Terminal Information Booklet (TIB),8.4. SLOP,0.98
Firmas especializadas de coleta de lixo,PROVIDES_WASTE_COLLECTION,Navios,organization:firmas-especializadas-de-coleta-de-lixo,Organization,vessel:navios,Vessel,Esse serviço está disponível através de firmas especializadas.,Terminal Aquaviário de Santos — Terminal Information Booklet (TIB),8.4. RECOLHIMENTO DE LIXO,0.98
Comandante do Navio e Agência Marítima,CONTRACTS_WITH,Firmas especializadas de coleta de lixo,organization:comandante-do-navio-e-agencia-maritima,Organization,organization:firmas-especializadas-de-coleta-de-lixo,Organization,sua contratação fica a cargo do Comandante do Navio e sua Agência Marítima.,Terminal Aquaviário de Santos — Terminal Information Booklet (TIB),8.4. RECOLHIMENTO DE LIXO,0.90
Regra de amarração homogênea,PROHIBITS,Amarrações mistas,safetyrule:regra-de-amarracao-homogenea,SafetyRule,restriction:amarracoes-mistas,Restriction,não sendo permitido o uso de amarrações mistas.,Terminal Aquaviário de Santos — Terminal Information Booklet (TIB),8.5.1. SISTEMA DE AMARRAÇÃO DO NAVIO,0.98
Regra de guinchos de amarração,PROHIBITS,Guinchos de tensão automática,safetyrule:regra-de-guinchos-de-amarracao,SafetyRule,equipment:guinchos-de-tensao-automatica,Equipment,não sendo permitido o uso de guinchos de tensão automática.,Terminal Aquaviário de Santos — Terminal Information Booklet (TIB),8.5.1. SISTEMA DE AMARRAÇÃO DO NAVIO,0.98
Regra de ângulo dos lançantes,HAS_MAXIMUM,45 graus,safetyrule:regra-de-angulo-dos-lancantes,SafetyRule,condition:45-graus,Condition,O ângulo horizontal dos lançantes ... não pode exceder 45°.,Terminal Aquaviário de Santos — Terminal Information Booklet (TIB),8.5.1. SISTEMA DE AMARRAÇÃO DO NAVIO,0.98
Navios com GLP refrigerado,RECOMMENDS,Pressão de tanques de 60 gf/cm² antes da atracação,vessel:navios-com-glp-refrigerado,Vessel,recommendation:pressao-de-tanques-de-60-gf-cm2-antes-da-atracacao,Recommendation,recomenda-se que as pressões dos tanques de bordo se encontrem 60gf/cm2 antes da atracação.,Terminal Aquaviário de Santos — Terminal Information Booklet (TIB),8.6. ANTES DA TRANSFERÊNCIA DE CARGA,0.98
Transferência de carga,REQUIRES,Conexões inspecionadas e em boas condições,operation:transferencia-de-carga,Operation,condition:conexoes-inspecionadas-e-em-boas-condicoes,Condition,o comandante deverá assegurar-se de que todas as conexões ... foram inspecionadas e consideradas em boas condições.,Terminal Aquaviário de Santos — Terminal Information Booklet (TIB),8.6. ANTES DA TRANSFERÊNCIA DE CARGA,0.98
Transferência de carga,REQUIRES,Representante de bordo junto à tomada de carga,operation:transferencia-de-carga,Operation,contact:representante-de-bordo-junto-a-tomada-de-carga,Contact,Um representante de bordo deve acompanhar toda a operação.,Terminal Aquaviário de Santos — Terminal Information Booklet (TIB),8.6. ANTES DA TRANSFERÊNCIA DE CARGA,0.98
Medição de bordo,REQUIRES_EQUIPMENT,Acessórios de medição à prova de explosão,operation:medicao-de-bordo,Operation,equipment:acessorios-de-medicao-a-prova-de-explosao,Equipment,os acessórios de medição devem ser à prova de explosão.,Terminal Aquaviário de Santos — Terminal Information Booklet (TIB),8.6. ANTES DA TRANSFERÊNCIA DE CARGA,0.98
Terminal Aquaviário de Santos (Terminal Alemoa),MEASURES,Pressões e vazões da transferência,terminal:terminal-aquaviario-de-santos-terminal-alemoa,Terminal,operation:pressoes-e-vazoes-da-transferencia,Operation,O Terminal controla ... pressão ... As vazões dos dois lados ... são retiradas de hora em hora e comparadas.,Terminal Aquaviário de Santos — Terminal Information Booklet (TIB),8.8. PROCEDIMENTOS PARA TRANSFERÊNCIA DE CARGA,0.94
Alteração nas condições de operação,REQUIRES_NOTIFICATION,Navio e Terminal,condition:alteracao-nas-condicoes-de-operacao,Condition,organization:navio-e-terminal,Organization,Qualquer alteração nas condições de operação deve ser comunicada e documentada entre as partes.,Terminal Aquaviário de Santos — Terminal Information Booklet (TIB),8.8. PROCEDIMENTOS PARA TRANSFERÊNCIA DE CARGA,0.98
Fechamento de válvulas que cause contrapressão,APPLIES_TO,Transferência de carga,prohibition:fechamento-de-valvulas-que-cause-contrapressao,Prohibition,operation:transferencia-de-carga,Operation,É expressamente proibido o fechamento de válvulas ... que ocasionem contrapressão no sistema.,Terminal Aquaviário de Santos — Terminal Information Booklet (TIB),8.8. PROCEDIMENTOS PARA TRANSFERÊNCIA DE CARGA,0.98
Operação de navios de GLP,REQUIRES,Lista de Verificação de Segurança Operacional para GLP,operation:operacao-de-navios-de-glp,Operation,safetychecklist:lista-de-verificacao-de-seguranca-operacional-para-glp,SafetyChecklist,Na operação de Navios de GLP a lista de verificação ... são verificadas e preenchidas.,Terminal Aquaviário de Santos — Terminal Information Booklet (TIB),8.8. PROCEDIMENTOS PARA TRANSFERÊNCIA DE CARGA,0.98
Operação de GLP refrigerado,REQUIRES_VAPOUR_CONTROL,Linha de retorno de vapor,operation:operacao-de-glp-refrigerado,Operation,equipment:linha-de-retorno-de-vapor,Equipment,Na operação de GLP refrigerado deve ser utilizado linha de retorno de vapor.,Terminal Aquaviário de Santos — Terminal Information Booklet (TIB),8.8. PROCEDIMENTOS PARA TRANSFERÊNCIA DE CARGA,0.98
Píeres P1A e P2A,HAS_EMERGENCY_PROCEDURE,Parada de emergência do sistema de GLP,pier:pieres-p1a-e-p2a,Pier,emergencyprocedure:parada-de-emergencia-do-sistema-de-glp,EmergencyProcedure,Nos píeres estão localizados ... dispositivo de parada de emergência do sistema de GLP.,Terminal Aquaviário de Santos — Terminal Information Booklet (TIB),8.8. PROCEDIMENTOS PARA TRANSFERÊNCIA DE CARGA,0.98
Braços de carregamento de GLP,HAS_EMERGENCY_PROCEDURE,Desacoplamento automático,equipment:bracos-de-carregamento-de-glp,Equipment,emergencyprocedure:desacoplamento-automatico,EmergencyProcedure,equipados com dispositivo de desacoplamento automático em caso de emergência ou afastamento do Navio do píer.,Terminal Aquaviário de Santos — Terminal Information Booklet (TIB),8.8. PROCEDIMENTOS PARA TRANSFERÊNCIA DE CARGA,0.98
Proibição de fumaça densa,APPLIES_TO,Navios atracados aos píeres,environmentalrule:proibicao-de-fumaca-densa,EnvironmentalRule,vessel:navios-atracados-aos-pieres,Vessel,É proibido descarregar fumaça densa pela chaminé dos navios atracados aos píeres.,Terminal Aquaviário de Santos — Terminal Information Booklet (TIB),8.8. RESTRIÇÃO AO EXCESSO DE FUMAÇA E RAMONAGEM,0.98
Proibição de água com fuligem no mar,PROHIBITS,Descarga de água contendo fuligem ou substâncias no mar,environmentalrule:proibicao-de-agua-com-fuligem-no-mar,EnvironmentalRule,pollutant:descarga-de-agua-contendo-fuligem-ou-substancias-no-mar,Pollutant,É proibido descarregar água contendo fuligem ou outras substâncias diretamente ao mar.,Terminal Aquaviário de Santos — Terminal Information Booklet (TIB),8.8. RESTRIÇÃO AO EXCESSO DE FUMAÇA E RAMONAGEM,0.98
Proibição de pequenas embarcações não autorizadas no costado,APPLIES_TO,Embarcações miúdas não autorizadas,prohibition:proibicao-de-pequenas-embarcacoes-nao-autorizadas-no-costado,Prohibition,vessel:embarcacoes-miudas-nao-autorizadas,Vessel,proibição quanto à permanência de embarcações miúdas não autorizadas no costado ou nas proximidades dos Navios atracados.,Terminal Aquaviário de Santos — Terminal Information Booklet (TIB),8.8. RESTRIÇÃO / CONDIÇÃO DE EMBARCAÇÃO NO COSTADO,0.98
Permissão para embarcações de serviço/autorizadas,APPLIES_TO,Embarcações de serviço do Terminal ou autorizadas,permission:permissao-para-embarcacoes-de-servico-autorizadas,Permission,vessel:embarcacoes-de-servico-do-terminal-ou-autorizadas,Vessel,Somente as embarcações de serviço do Terminal ou as autorizadas por este poderão ficar nas proximidades ou a contrabordo.,Terminal Aquaviário de Santos — Terminal Information Booklet (TIB),8.8. RESTRIÇÃO / CONDIÇÃO DE EMBARCAÇÃO NO COSTADO,0.98
Proibição de movimentação de hélice,APPLIES_TO,Navios conectados às linhas de carregamento e com barreiras instaladas,prohibition:proibicao-de-movimentacao-de-helice,Prohibition,vessel:navios-conectados-as-linhas-de-carregamento-e-com-barreiras-instaladas,Vessel,não poderão movimentar seu(s) hélice(s) enquanto permanecerem conectados às linhas de carregamento e quando as barreiras de contenção estiverem instaladas.,Terminal Aquaviário de Santos — Terminal Information Booklet (TIB),8.8. RESTRIÇÃO DA MOVIMENTAÇÃO DO HÉLICE,0.98
GIAONT,PERFORMS,Inspeções intermediárias,organization:giaont,Organization,procedure:inspecoes-intermediarias,Procedure,As inspeções intermediárias ... serão realizadas pelo GIAONT.,Terminal Aquaviário de Santos — Terminal Information Booklet (TIB),8.8. INSPEÇÕES INTERMEDIÁRIAS,0.98
Regra de interrupção por perigo,APPLIES_TO,Carga ou descarga do navio,safetyrule:regra-de-interrupcao-por-perigo,SafetyRule,operation:carga-ou-descarga-do-navio,Operation,A interrupção da carga ou descarga do Navio deve ocorrer em qualquer situação que possa oferecer perigo.,Terminal Aquaviário de Santos — Terminal Information Booklet (TIB),8.8. INTERRUPÇÕES DAS OPERAÇÕES,0.98
Operações de carga/descarga,CONDITIONED_BY,"Tempestades, trovoadas ou ventos fortes",operation:operacoes-de-carga-descarga,Operation,condition:tempestades-trovoadas-ou-ventos-fortes,Condition,"As operações poderão ser suspensas temporariamente durante tempestades, trovoadas e/ou ventos fortes.",Terminal Aquaviário de Santos — Terminal Information Booklet (TIB),8.8. INTERRUPÇÕES DAS OPERAÇÕES,0.98
Pessoal da operação do Terminal,AUTHORIZES,Interrupção por descumprimento de regras de segurança,organization:pessoal-da-operacao-do-terminal,Organization,procedure:interrupcao-por-descumprimento-de-regras-de-seguranca,Procedure,está autorizado a interromper / suspender a operação no caso de descumprimento ... das regras e normas ... à segurança.,Terminal Aquaviário de Santos — Terminal Information Booklet (TIB),8.8. INTERRUPÇÕES DAS OPERAÇÕES,0.98
Terminal Aquaviário de Santos (Terminal Alemoa),RESPONDS_TO,Qualquer emergência,terminal:terminal-aquaviario-de-santos-terminal-alemoa,Terminal,emergency:qualquer-emergencia,Emergency,"Em qualquer emergência, o Terminal de Santos interrompe as operações em curso para que todos os recursos estejam voltados para mitigação do sinistro.",Terminal Aquaviário de Santos — Terminal Information Booklet (TIB),8.8. INTERRUPÇÕES DAS OPERAÇÕES,0.98
Terminal Aquaviário de Santos (Terminal Alemoa),HAS_LOADING_POINT,Sistema fechado de retorno de vapores (VEC),terminal:terminal-aquaviario-de-santos-terminal-alemoa,Terminal,equipment:sistema-fechado-de-retorno-de-vapores-vec,Equipment,possui um sistema fechado de retorno de vapores para reduzir as emissões durante as operações com navios.,Terminal Aquaviário de Santos — Terminal Information Booklet (TIB),8.9. OPERAÇÃO COM VEC,0.98
Operação com VEC,REQUIRES,Linhas do navio drenadas e secas,operation:operacao-com-vec,Operation,condition:linhas-do-navio-drenadas-e-secas,Condition,é extremamente importante que o navio chegue com as linhas ... drenadas e secas.,Terminal Aquaviário de Santos — Terminal Information Booklet (TIB),8.9. OPERAÇÃO COM VEC,0.98
Operação com VEC,REQUIRES_NOTIFICATION,Ajustes das válvulas de alívio de pressão e vácuo,operation:operacao-com-vec,Operation,condition:ajustes-das-valvulas-de-alivio-de-pressao-e-vacuo,Condition,O navio informe os ajustes das válvulas de alívio de pressão e vácuo.,Terminal Aquaviário de Santos — Terminal Information Booklet (TIB),8.9. OPERAÇÃO COM VEC,0.98
Vapores de carregamento,TRANSFERS,Unidade de Combustão de Vapores (UCV),pollutant:vapores-de-carregamento,Pollutant,equipment:unidade-de-combustao-de-vapores-ucv,Equipment,Os vapores oriundos da operação de carregamento serão incinerados na Unidade de Combustão de Vapores.,Terminal Aquaviário de Santos — Terminal Information Booklet (TIB),8.9. OPERAÇÃO COM VEC,0.98
Operação de COW,PERMITS,Limpeza de tanques por COW,operation:operacao-de-cow,Operation,permission:limpeza-de-tanques-por-cow,Permission,"a operação de COW é permitida, dependendo de prévia autorização.",Terminal Aquaviário de Santos — Terminal Information Booklet (TIB),8.11. LIMPEZA E ENTRADA EM TANQUES,0.98
Operação de COW,REQUIRES,Autorização da programação e do GIAONT,operation:operacao-de-cow,Operation,permission:autorizacao-da-programacao-e-do-giaont,Permission,dependendo de prévia autorização da programação ... e do GIAONT.,Terminal Aquaviário de Santos — Terminal Information Booklet (TIB),8.11. LIMPEZA E ENTRADA EM TANQUES,0.98
Problemas no sistema de gás inerte,TRIGGERS,Suspensão da operação,condition:problemas-no-sistema-de-gas-inerte,Condition,procedure:suspensao-da-operacao,Procedure,a operação será suspensa até que o sistema esteja de acordo com o mínimo aceitável.,Terminal Aquaviário de Santos — Terminal Information Booklet (TIB),8.12. GÁS INERTE,0.98
Navios com tanques a serem carregados,REQUIRES_INERT_GAS,Atmosfera inerte nos tanques,vessel:navios-com-tanques-a-serem-carregados,Vessel,condition:atmosfera-inerte-nos-tanques,Condition,Os navios deverão possuir atmosferas inertes ... nos tanques a serem carregados.,Terminal Aquaviário de Santos — Terminal Information Booklet (TIB),8.12. GÁS INERTE,0.98
Navio,REQUIRES_NOTIFICATION,Resumo do SOPEP,vessel:navio,Vessel,document:resumo-do-sopep,Document,"O navio enviará, antecipadamente, um resumo de seus planos de emergência (SOPEP).",Terminal Aquaviário de Santos — Terminal Information Booklet (TIB),8.14. PREVENÇÃO À POLUIÇÃO,0.98
Terminal Aquaviário de Santos (Terminal Alemoa),PROHIBITS,Fornecimento de água potável pelo Terminal,terminal:terminal-aquaviario-de-santos-terminal-alemoa,Terminal,potablewater:fornecimento-de-agua-potavel-pelo-terminal,PotableWater,O Terminal não dispõe de recursos para fornecimento de água potável aos navios.,Terminal Aquaviário de Santos — Terminal Information Booklet (TIB),8.15. ÁGUA POTÁVEL,0.98
Agente do navio,COORDINATES,Fornecimento de água potável,organization:agente-do-navio,Organization,potablewater:fornecimento-de-agua-potavel,PotableWater,O fornecimento de água deve ser coordenado pelo Agente.,Terminal Aquaviário de Santos — Terminal Information Booklet (TIB),8.15. ÁGUA POTÁVEL,0.98
Fornecimento de água potável,ALLOWS,Fornecimento por barcaça no costado,operation:fornecimento-de-agua-potavel,Operation,permission:fornecimento-por-barcaca-no-costado,Permission,é possível através de barcaça no costado.,Terminal Aquaviário de Santos — Terminal Information Booklet (TIB),8.15. ÁGUA POTÁVEL,0.98
Capitania dos Portos de São Paulo,REGULATES,Terminal Aquaviário de Santos (Terminal Alemoa),authority:capitania-dos-portos-de-sao-paulo,Authority,terminal:terminal-aquaviario-de-santos-terminal-alemoa,Terminal,A autoridade marítima a qual o terminal está subordinado é a Capitania dos Portos de São Paulo.,Terminal Aquaviário de Santos — Terminal Information Booklet (TIB),9.2. AUTORIDADE MARÍTIMA,0.98
Capitania dos Portos de São Paulo,HAS_RESPONSIBILITY_FOR,Incidentes dentro dos limites do Porto de Santos,authority:capitania-dos-portos-de-sao-paulo,Authority,incidenttype:incidentes-dentro-dos-limites-do-porto-de-santos,IncidentType,Cabe a ela a responsabilidade de determinar as ações e autuar os responsáveis por qualquer incidente dentro dos limites do porto.,Terminal Aquaviário de Santos — Terminal Information Booklet (TIB),9.2. AUTORIDADE MARÍTIMA,0.98
Praticagem no Porto de Santos,PROVIDES_PILOTAGE,Navios estrangeiros de qualquer arqueação bruta,pilotageservice:praticagem-no-porto-de-santos,PilotageService,vessel:navios-estrangeiros-de-qualquer-arqueacao-bruta,Vessel,A praticagem ... é obrigatória para Navios estrangeiros de qualquer arqueação bruta.,Terminal Aquaviário de Santos — Terminal Information Booklet (TIB),9.3. PRATICAGEM,0.98
Praticagem no Porto de Santos,PROVIDES_PILOTAGE,"Navios petroleiros, propaneiros e explosivos brasileiros acima de 2.000 AB",pilotageservice:praticagem-no-porto-de-santos,PilotageService,vessel:navios-petroleiros-propaneiros-e-explosivos-brasileiros-acima-de-2-000-ab,Vessel,"obrigatória ... para Navios petroleiros, propaneiros e transportadores de cargas explosivas ... superior a 2.000 AB.",Terminal Aquaviário de Santos — Terminal Information Booklet (TIB),9.3. PRATICAGEM,0.98
Navios com praticagem obrigatória,IS_PILOTED_BY,Praticagem no Porto de Santos,vessel:navios-com-praticagem-obrigatoria,Vessel,pilotageservice:praticagem-no-porto-de-santos,PilotageService,Os navios cuja Praticagem é obrigatória devem receber e desembarcar o prático no ponto de coordenadas...,Terminal Aquaviário de Santos — Terminal Information Booklet (TIB),9.3. PRATICAGEM,0.98
Navegação no canal balizado ao norte do ponto obrigatório,REQUIRES_SERVICE,Praticagem no Porto de Santos,operation:navegacao-no-canal-balizado-ao-norte-do-ponto-obrigatorio,Operation,pilotageservice:praticagem-no-porto-de-santos,PilotageService,nenhuma embarcação pode navegar sem prático dentro do canal balizado.,Terminal Aquaviário de Santos — Terminal Information Booklet (TIB),9.3. PRATICAGEM,0.98
Solicitação de prático,HAS_MINIMUM,2 horas de antecedência,procedure:solicitacao-de-pratico,Procedure,condition:2-horas-de-antecedencia,Condition,A solicitação de prático deve ser feita com antecedência mínima de 2 horas.,Terminal Aquaviário de Santos — Terminal Information Booklet (TIB),9.3. PRATICAGEM,0.98
Solicitação de prático,USES_VHF_CHANNEL,Canal 16 VHF,procedure:solicitacao-de-pratico,Procedure,contact:canal-16-vhf,Contact,pelo canal 16/11 VHF ou por telefone.,Terminal Aquaviário de Santos — Terminal Information Booklet (TIB),9.3. PRATICAGEM,0.98
Solicitação de prático,USES_VHF_CHANNEL,Canal 11 VHF,procedure:solicitacao-de-pratico,Procedure,contact:canal-11-vhf,Contact,pelo canal 16/11 VHF ou por telefone.,Terminal Aquaviário de Santos — Terminal Information Booklet (TIB),9.3. PRATICAGEM,0.98
Práticos - Serviços de Praticagem do Porto de Santos e Baixada Santista,PROVIDES_PILOTAGE,Porto de Santos,pilotageservice:praticos-servicos-de-praticagem-do-porto-de-santos-e-baixada-santista,PilotageService,port:porto-de-santos,Port,A Praticagem é exercida pela firma Práticos-Serviços de Praticagem do Porto de Santos e Baixada Santista.,Terminal Aquaviário de Santos — Terminal Information Booklet (TIB),9.3. PRATICAGEM,0.98
Práticos - Serviços de Praticagem do Porto de Santos e Baixada Santista,USES_VHF_CHANNEL,Canal 16 VHF,pilotageservice:praticos-servicos-de-praticagem-do-porto-de-santos-e-baixada-santista,PilotageService,contact:canal-16-vhf,Contact,"escuta permanente em radiotelefonia VHF, chamada pelo canal 16.",Terminal Aquaviário de Santos — Terminal Information Booklet (TIB),9.3. PRATICAGEM,0.98
Práticos - Serviços de Praticagem do Porto de Santos e Baixada Santista,USES_VHF_CHANNEL,Canal 11 VHF,pilotageservice:praticos-servicos-de-praticagem-do-porto-de-santos-e-baixada-santista,PilotageService,contact:canal-11-vhf,Contact,operação no canal 11.,Terminal Aquaviário de Santos — Terminal Information Booklet (TIB),9.3. PRATICAGEM,0.98
"Manobras de atracação, desatracação e movimentação",REQUIRES_SERVICE,Rebocadores,operation:manobras-de-atracacao-desatracacao-e-movimentacao,Operation,tugboat:rebocadores,Tugboat,"O emprego de rebocadores é obrigatório para as manobras de atracação, desatracação e movimentação.",Terminal Aquaviário de Santos — Terminal Information Booklet (TIB),9.4. REBOCADORES E OUTROS SERVIÇOS MARÍTIMOS,0.98
Comandante do navio,HAS_RESPONSIBILITY_FOR,Quantidade e dispositivo de rebocadores,contact:comandante-do-navio,Contact,procedure:quantidade-e-dispositivo-de-rebocadores,Procedure,O estabelecimento do dispositivo e da quantidade de rebocadores ... é responsabilidade exclusiva do Comandante do Navio.,Terminal Aquaviário de Santos — Terminal Information Booklet (TIB),9.4.2. DISPOSIÇÕES COMPLEMENTARES,0.98
Manobras em locais especiais,RECOMMENDS,Um rebocador adicional,operation:manobras-em-locais-especiais,Operation,recommendation:um-rebocador-adicional,Recommendation,recomenda-se o emprego de 01 (um) rebocador a mais do que o mínimo.,Terminal Aquaviário de Santos — Terminal Information Booklet (TIB),9.4.3. Manobra de aproximação,0.98
Terminal da Alemoa,PART_OF,Locais especiais para manobra,terminal:terminal-da-alemoa,Terminal,location:locais-especiais-para-manobra,Location,São considerados locais especiais: ... Alemoa.,Terminal Aquaviário de Santos — Terminal Information Booklet (TIB),9.4.3. Manobra de aproximação,0.98
Canal de Piaçaguera,PART_OF,Locais especiais para manobra,channel:canal-de-piacaguera,Channel,location:locais-especiais-para-manobra,Location,São considerados locais especiais: ... Canal de PIAÇAGUERA.,Terminal Aquaviário de Santos — Terminal Information Booklet (TIB),9.4.3. Manobra de aproximação,0.98
Capitania dos Portos,HAS_TELEPHONE,(13) 3221-3456 / 3224-9900,authority:capitania-dos-portos,Authority,contact:13-3221-3456-3224-9900,Contact,Capitania dos Portos: telefone (13) 3221-3456 / 3224-9900.,Terminal Aquaviário de Santos — Terminal Information Booklet (TIB),1.1. CONTATOS DE EMERGÊNCIA,0.98
Capitania dos Portos,USES_VHF_CHANNEL,Canal 16 VHF,authority:capitania-dos-portos,Authority,contact:canal-16-vhf,Contact,Capitania dos Portos: VHF 16.,Terminal Aquaviário de Santos — Terminal Information Booklet (TIB),1.1. CONTATOS DE EMERGÊNCIA,0.98
Praticagem,HAS_TELEPHONE,(13) 3269-4043 / 3269-4045,pilotageservice:praticagem,PilotageService,contact:13-3269-4043-3269-4045,Contact,Praticagem: telefone (13) 3269-4043 / 3269-4045.,Terminal Aquaviário de Santos — Terminal Information Booklet (TIB),1.1. CONTATOS DE EMERGÊNCIA,0.98
Praticagem,USES_VHF_CHANNEL,Canal 16 VHF,pilotageservice:praticagem,PilotageService,contact:canal-16-vhf,Contact,Praticagem: VHF 16/11.,Terminal Aquaviário de Santos — Terminal Information Booklet (TIB),1.1. CONTATOS DE EMERGÊNCIA,0.98
Praticagem,USES_VHF_CHANNEL,Canal 11 VHF,pilotageservice:praticagem,PilotageService,contact:canal-11-vhf,Contact,Praticagem: VHF 16/11.,Terminal Aquaviário de Santos — Terminal Information Booklet (TIB),1.1. CONTATOS DE EMERGÊNCIA,0.98
Corpo de Bombeiros,HAS_TELEPHONE,(13) 3289-9509,organization:corpo-de-bombeiros,Organization,contact:13-3289-9509,Contact,Corpo de Bombeiros: telefone (13) 3289-9509.,Terminal Aquaviário de Santos — Terminal Information Booklet (TIB),1.1. CONTATOS DE EMERGÊNCIA,0.98
Defesa Civil,HAS_TELEPHONE,(13) 3208-1015,organization:defesa-civil,Organization,contact:13-3208-1015,Contact,Defesa Civil: telefone (13) 3208-1015.,Terminal Aquaviário de Santos — Terminal Information Booklet (TIB),1.1. CONTATOS DE EMERGÊNCIA,0.98
CETESB,HAS_TELEPHONE,(13) 3227-7767,organization:cetesb,Organization,contact:13-3227-7767,Contact,CETESB: telefone (13) 3227-7767.,Terminal Aquaviário de Santos — Terminal Information Booklet (TIB),1.1. CONTATOS DE EMERGÊNCIA,0.98
IBAMA,HAS_TELEPHONE,(13) 3227-5775,organization:ibama,Organization,contact:13-3227-5775,Contact,IBAMA: telefone (13) 3227-5775.,Terminal Aquaviário de Santos — Terminal Information Booklet (TIB),1.1. CONTATOS DE EMERGÊNCIA,0.98
Práticos - Serviços de Praticagem do Porto de Santos e Baixada Santista,HAS_TELEPHONE,Centro de Operações (13) 3269-4050 / 3269-4051,pilotageservice:praticos-servicos-de-praticagem-do-porto-de-santos-e-baixada-santista,PilotageService,contact:centro-de-operacoes-13-3269-4050-3269-4051,Contact,Centro de Operações: (13) 3269-4050 / (13) 3269-4051.,Terminal Aquaviário de Santos — Terminal Information Booklet (TIB),10.1. PRATICAGEM,0.98
Práticos - Serviços de Praticagem do Porto de Santos e Baixada Santista,HAS_EMAIL,co@santospilot.com.br,pilotageservice:praticos-servicos-de-praticagem-do-porto-de-santos-e-baixada-santista,PilotageService,contact:co-santospilot-com-br,Contact,e-mail co@santospilot.com.br.,Terminal Aquaviário de Santos — Terminal Information Booklet (TIB),9.3. PRATICAGEM,0.98
Berços P1A e P2A,HAS_TELEPHONE,(13) 3014-6327,berth:bercos-p1a-e-p2a,Berth,contact:13-3014-6327,Contact,"Berço P1A e P2A: Operador, telefone (13) 3014-6327.",Terminal Aquaviário de Santos — Terminal Information Booklet (TIB),10.3. TERMINAL,0.98
Berços P1A e P2A,USES_VHF_CHANNEL,Canal 6 VHF,berth:bercos-p1a-e-p2a,Berth,contact:canal-6-vhf,Contact,Berço P1A e P2A: canais de chamada e conversação 6.,Terminal Aquaviário de Santos — Terminal Information Booklet (TIB),10.3. TERMINAL,0.98
Centro de Controle do Terminal,HAS_TELEPHONE,(13) 3014-6309,controlcenter:centro-de-controle-do-terminal,ControlCenter,contact:13-3014-6309,Contact,"Centro de Controle: Operador, telefone (13) 3014-6309.",Terminal Aquaviário de Santos — Terminal Information Booklet (TIB),10.3. TERMINAL,0.98
Centro de Controle do Terminal,USES_VHF_CHANNEL,Canal 6 VHF,controlcenter:centro-de-controle-do-terminal,ControlCenter,contact:canal-6-vhf,Contact,Centro de Controle: canais de chamada e conversação 6.,Terminal Aquaviário de Santos — Terminal Information Booklet (TIB),10.3. TERMINAL,0.98
Segurança/CRE (SMS),HAS_TELEPHONE,(13) 3014-6264,emergencycenter:seguranca-cre-sms,EmergencyCenter,contact:13-3014-6264,Contact,Segurança/CRE (SMS): telefone (13) 3014-6264.,Terminal Aquaviário de Santos — Terminal Information Booklet (TIB),10.3. TERMINAL,0.98
Segurança/CRE (SMS),USES_VHF_CHANNEL,Canal 1 VHF/UHF,emergencycenter:seguranca-cre-sms,EmergencyCenter,contact:canal-1-vhf-uhf,Contact,"Segurança/CRE (SMS): canais de chamada 1, 2 e 6.",Terminal Aquaviário de Santos — Terminal Information Booklet (TIB),10.3. TERMINAL,0.98
Segurança/CRE (SMS),USES_VHF_CHANNEL,Canal 2 VHF/UHF,emergencycenter:seguranca-cre-sms,EmergencyCenter,contact:canal-2-vhf-uhf,Contact,"Segurança/CRE (SMS): canais de chamada 1, 2 e 6.",Terminal Aquaviário de Santos — Terminal Information Booklet (TIB),10.3. TERMINAL,0.98
Segurança/CRE (SMS),USES_VHF_CHANNEL,Canal 6 VHF/UHF,emergencycenter:seguranca-cre-sms,EmergencyCenter,contact:canal-6-vhf-uhf,Contact,"Segurança/CRE (SMS): canais de chamada 1, 2 e 6.",Terminal Aquaviário de Santos — Terminal Information Booklet (TIB),10.3. TERMINAL,0.98
Svitzer,PROVIDES_TUG_ASSISTANCE,Porto de Santos,organization:svitzer,Organization,port:porto-de-santos,Port,Svitzer consta em Serviços Portuários - Rebocadores.,Terminal Aquaviário de Santos — Terminal Information Booklet (TIB),10.4. SERVIÇOS PORTUÁRIOS - REBOCADORES,0.96
Svitzer,HAS_TELEPHONE,(21) 982372557,organization:svitzer,Organization,contact:21-982372557,Contact,Svitzer: telefone (21) 982372557.,Terminal Aquaviário de Santos — Terminal Information Booklet (TIB),10.4. SERVIÇOS PORTUÁRIOS - REBOCADORES,0.98
Svitzer,HAS_EMAIL,central.ops.br@svitzer.com,organization:svitzer,Organization,contact:central-ops-br-svitzer-com,Contact,Svitzer: e-mail central.ops.br@svitzer.com.,Terminal Aquaviário de Santos — Terminal Information Booklet (TIB),10.4. SERVIÇOS PORTUÁRIOS - REBOCADORES,0.98
Saam Smit,PROVIDES_TUG_ASSISTANCE,Porto de Santos,organization:saam-smit,Organization,port:porto-de-santos,Port,Saam Smit consta em Serviços Portuários - Rebocadores.,Terminal Aquaviário de Santos — Terminal Information Booklet (TIB),10.4. SERVIÇOS PORTUÁRIOS - REBOCADORES,0.96
Saam Smit,HAS_TELEPHONE,(13) 997753224,organization:saam-smit,Organization,contact:13-997753224,Contact,Saam Smit: telefone (13) 997753224.,Terminal Aquaviário de Santos — Terminal Information Booklet (TIB),10.4. SERVIÇOS PORTUÁRIOS - REBOCADORES,0.98
Saam Smit,HAS_EMAIL,filial.santos@saamtowage.com.br,organization:saam-smit,Organization,contact:filial-santos-saamtowage-com-br,Contact,Saam Smit: e-mail filial.santos@saamtowage.com.br.,Terminal Aquaviário de Santos — Terminal Information Booklet (TIB),10.4. SERVIÇOS PORTUÁRIOS - REBOCADORES,0.98
Wilson Sons,PROVIDES_TUG_ASSISTANCE,Porto de Santos,organization:wilson-sons,Organization,port:porto-de-santos,Port,Wilson Sons consta em Serviços Portuários - Rebocadores.,Terminal Aquaviário de Santos — Terminal Information Booklet (TIB),10.4. SERVIÇOS PORTUÁRIOS - REBOCADORES,0.96
Wilson Sons,HAS_TELEPHONE,(13) 3348-4839,organization:wilson-sons,Organization,contact:13-3348-4839,Contact,Wilson Sons: telefone (13) 3348-4839.,Terminal Aquaviário de Santos — Terminal Information Booklet (TIB),10.4. SERVIÇOS PORTUÁRIOS - REBOCADORES,0.98
Wilson Sons,HAS_EMAIL,operation.santos@wilsonsons.com.br,organization:wilson-sons,Organization,contact:operation-santos-wilsonsons-com-br,Contact,Wilson Sons: e-mail operation.santos@wilsonsons.com.br.,Terminal Aquaviário de Santos — Terminal Information Booklet (TIB),10.4. SERVIÇOS PORTUÁRIOS - REBOCADORES,0.98
Sulnorte,PROVIDES_TUG_ASSISTANCE,Porto de Santos,organization:sulnorte,Organization,port:porto-de-santos,Port,Sulnorte consta em Serviços Portuários - Rebocadores.,Terminal Aquaviário de Santos — Terminal Information Booklet (TIB),10.4. SERVIÇOS PORTUÁRIOS - REBOCADORES,0.96
Sulnorte,HAS_TELEPHONE,(13) 3211-5040,organization:sulnorte,Organization,contact:13-3211-5040,Contact,Sulnorte: telefone (13) 3211-5040.,Terminal Aquaviário de Santos — Terminal Information Booklet (TIB),10.4. SERVIÇOS PORTUÁRIOS - REBOCADORES,0.98
Sulnorte,HAS_EMAIL,santos@sulnorte.com.br,organization:sulnorte,Organization,contact:santos-sulnorte-com-br,Contact,Sulnorte: e-mail santos@sulnorte.com.br.,Terminal Aquaviário de Santos — Terminal Information Booklet (TIB),10.4. SERVIÇOS PORTUÁRIOS - REBOCADORES,0.98
Praticagem,PROVIDES_MOORING_SUPPORT,Navios no Terminal de Santos,pilotageservice:praticagem,PilotageService,vessel:navios-no-terminal-de-santos,Vessel,esse serviço é executado por lanchas da Praticagem.,Terminal Aquaviário de Santos — Terminal Information Booklet (TIB),10.1. PRATICAGEM,0.98
Navios com LOA acima de 150 m,REQUIRES_SERVICE,Duas lanchas de apoio à amarração,vessel:navios-com-loa-acima-de-150-m,Vessel,equipment:duas-lanchas-de-apoio-a-amarracao,Equipment,Na atracação de Navios com LOA acima de 150 m são disponibilizadas duas lanchas de apoio.,Terminal Aquaviário de Santos — Terminal Information Booklet (TIB),10.1. PRATICAGEM,0.98
Terminal Aquaviário de Santos (Terminal Alemoa),PROVIDES_SERVICE,Lanchas para colocação e retirada de barreiras de contenção,terminal:terminal-aquaviario-de-santos-terminal-alemoa,Terminal,equipment:lanchas-para-colocacao-e-retirada-de-barreiras-de-contencao,Equipment,O Terminal dispõe de lanchas que são utilizadas na colocação e retirada do cerco de barreiras de contenção.,Terminal Aquaviário de Santos — Terminal Information Booklet (TIB),10.1. PRATICAGEM,0.98
Oficinas locais de Santos,PROVIDES_REPAIR,Navios,organization:oficinas-locais-de-santos,Organization,vessel:navios,Vessel,Várias oficinas prestam serviços de manutenção e reparos navais.,Terminal Aquaviário de Santos — Terminal Information Booklet (TIB),10.2. Serviços marítimos disponíveis,0.98
Firmas de mergulho de Santos,PROVIDES_SERVICE,Serviços especializados de mergulho,organization:firmas-de-mergulho-de-santos,Organization,operation:servicos-especializados-de-mergulho,Operation,Diversas firmas particulares ... oferecem serviços especializados de mergulho.,Terminal Aquaviário de Santos — Terminal Information Booklet (TIB),10.2. Serviços marítimos disponíveis,0.98
Necessidades de reparos,REQUIRES_NOTIFICATION,Agência do Navio,procedure:necessidades-de-reparos,Procedure,organization:agencia-do-navio,Organization,Necessidades de reparos devem ser comunicadas à Agência do Navio.,Terminal Aquaviário de Santos — Terminal Information Booklet (TIB),10.2. Serviços marítimos disponíveis,0.98
Terminal Aquaviário de Santos — Terminal Information Booklet (TIB),HAS_REVISION,Revisão V.0,document:terminal-aquaviario-de-santos-terminal-information-booklet-tib,Document,revision:revisao-v-0,Revision,Revisão V.0 — Versão Inicial — 20/08/26.,Terminal Aquaviário de Santos — Terminal Information Booklet (TIB),REVISÕES,0.98
Revisão V.0,HAS_DATE,20/08/2026,revision:revisao-v-0,Revision,document:20-08-2026,Document,V.0 | Versão Inicial | 20/08/26.,Terminal Aquaviário de Santos — Terminal Information Booklet (TIB),REVISÕES,0.98
